Project, Channel safety score, Global deadlock score, 
influxdata-telegraf:vsphere_Gather310.pml,0,0,
virtual-kubelet-virtual-kubelet:e2e_TestPodLifecycleForceDelete193.pml,0,0,
golang-tools:lsp_diagnoseChangedFiles104.pml,0,0,
uniqush-uniqush-push:main_NewRestAPI56.pml,0,0,
go-redis-redis:redis_ForEachSlave878.pml,0,0,
vitessio-vitess:vtadmin_GetTablet213.pml,0,0,
mattes-migrate:migrate_Up262.pml,0,1,
coredns-coredns:route53_updateZones238.pml,0,0,
vitessio-vitess:inst_StopReplicas340.pml,0,0,
gogs-gogs:email_NewContext220.pml,0,0,
gocircuit-circuit:dns_ListenAndServe237.pml,0,0,
siddontang-ledisdb:server_newSnapshotStore48.pml,0,0,
NebulousLabs-Sia:siatest_addStorageFolderToHosts118.pml,0,0,
dzhou121-gonvim:editor_drawBorder219.pml,0,0,
ponzu-cms-ponzu:analytics_Init75.pml,0,0,
jpmorganchase-quorum:node_Start169.pml,0,0,
thrasher--gocryptotrader:engine_Start27.pml,0,0,
keybase-client:libkb_HandleTeamChangedByName2067.pml,0,0,
keybase-kbfs:libkbfs_getBlocksForOffsetRange482.pml,0,1,
hyperledger-fabric:statecouchdb_executeCommitter149.pml,0,0,
olivere-elastic:elastic_Start313.pml,0,0,
icexin-gocraft:main_Chunks190.pml,0,0,
appc-spec:aci_NewXzReader117.pml,0,1,
digitalocean-doctl:commands_RunDropletCreate166.pml,0,0,
mozilla-services-heka:pipeline_runBoth1411.pml,0,1,
coreos-fleet:server_Supervise263.pml,0,0,
tsuru-tsuru:rebuild_rebuildRoutesInRouter95.pml,0,0,
thrasher--gocryptotrader:coinut_WsConnect42.pml,0,0,
michaelmacinnis-oh:lexer_gather143.pml,0,0,
keybase-kbfs:libkbfs_Init31.pml,0,0,
restic-restic:sftp_startClient39.pml,0,1,
pingcap-tidb:tikv_resolveLockAsync786.pml,0,0,
hashicorp-nomad:drivermanager_run148.pml,0,0,
pilosa-pilosa:pilosa_Open137.pml,0,0,
gocircuit-circuit:docker_MakeContainer44.pml,0,0,
open-falcon-falcon-plus:collector_collectDataOnce61.pml,0,0.5555555555555556,
docker-docker-ce:server_serveAPI79.pml,0,0,
michenriksen-gitrob:main_AnalyzeRepositories89.pml,0,0.4444444444444444,
mattermost-mattermost-server:storetest_testReactionDeadlock437.pml,0,0,
CodisLabs-codis:proxy_New58.pml,0,0,
rook-rook:mon_assignMons831.pml,0,0,
Model,0,0,
vitessio-vitess:wrangler_forAll336.pml,0,0,
alexei-led-pumba:netem_Run120.pml,0,0,
mattes-migrate:migrate_Steps231.pml,0,1,
mattermost-mattermost-server:plugin_Shutdown328.pml,0,0,
hashicorp-packer:ebssurrogate_Run90.pml,0,0,
keybase-client:libkb_Stop121.pml,0,0,
moby-moby:distribution_pullSchema2Layers617.pml,0,1,
hashicorp-nomad:nomad_flush692.pml,0,0,
flynn-flynn:proxy_joinConns321.pml,0,0,
moby-moby:archive_cmdStream1223.pml,0,0,
gocql-gocql:gocql_connectMany474.pml,0,0,
linkedin-Burrow:consumer_Configure90.pml,0,0,
juju-juju:commands_GetPluginDescriptions147.pml,0,0,
influxdata-telegraf:docker_log_tailMultiplexed381.pml,0,0,
influxdata-telegraf:rabbitmq_Gather327.pml,0,0,
nats-io-go-nats:nats_setup1336.pml,0,0,
Qihoo360-poseidon:nsq_connect258.pml,0,0,
FiloSottile-Heartbleed:tls_SendHeartbeat694.pml,0,0,
keybase-client:chat_identify556.pml,0,0,
keybase-client:libkb_HandleChatRequestInfo2626.pml,0,0,
moby-moby:containerfs_CopyFileWithTar92.pml,0,0,
chrislusf-seaweedfs:shell_purgeFileIdsForOneVolume310.pml,0,0,
keybase-client:engine_loadUsers1047.pml,0,0,
fogleman-primitive:primitive_runWorkers147.pml,0,0,
docker-libnetwork:portmapper_Start38.pml,0,0,
golang-tools:importgraph_Build62.pml,0,0,
ncw-rclone:onedrive_CleanUp1404.pml,0,0,
nlf-dlite:main_IP248.pml,0,0.75,
golang-tools:memoize_run306.pml,0,0,
sourcegraph-webloop:webloop_URI91.pml,0,1,
micro-go-micro:config_Init42.pml,0,0,
joewalnes-websocketd:libwebsocketd_NewWebsocketdServer35.pml,0,0,
hashicorp-packer:googlecompute_CreateImage99.pml,0,0,
gravitational-teleport:proxy_runPortForwarding58.pml,0,0,
rook-rook:exec_ExecuteCommandWithTimeout71.pml,0,0,
mattermost-mattermost-server:model_ConnectWithDialer118.pml,0,0,
dgraph-io-dgraph:zero_triggerLeaderChange138.pml,0,0,
nytlabs-streamtools:library_Setup124.pml,0,0,
chrislusf-seaweedfs:weed_server_NewMasterServer71.pml,0,0,
cyfdecyf-cow:main_doConnect1163.pml,0,0,
grammarly-rocker:build_pushImageInner505.pml,0,0,
vitessio-vitess:vtadmin_GetGates117.pml,0,0,
nuclio-nuclio:pubsub_receiveFromSubscription117.pml,0,0,
keybase-client:libkbfs_setLatestMergedRevisionLocked7063.pml,0,0,
valyala-fasthttp:prefork_prefork156.pml,0,0.3333333333333333,
restic-restic:archiver_NewBlobSaver25.pml,0,0,
jpmorganchase-quorum:scwallet_Open338.pml,0,0,
michenriksen-gitrob:main_GatherRepositories44.pml,0,0.4444444444444444,
oklog-oklog:store_handleUserQuery137.pml,0,0.5,
moby-moby:service_restore18.pml,0,0,
schollz-find3:api_findBestAlgorithm177.pml,0,0.2222222222222222,
git-lfs-git-lfs:lfs_lsTreeBlobs102.pml,0,1,
keybase-client:libkb_setupTestContext225.pml,0,0,
virtual-kubelet-virtual-kubelet:lock_Subscribe58.pml,0,0,
prometheus-alertmanager:mem_GetPending123.pml,0,0.25,
linuxkit-linuxkit:main_ConnectSerialPort586.pml,0,0,
convox-rack:sync_NewSync43.pml,0,0,
soundcloud-roshi:cluster_Delete249.pml,0,0,
gravitational-teleport:client_GetSites76.pml,0,0,
liangdas-mqant:basegate_OnInit66.pml,0,0,
shazow-ssh-chat:chat_NewRoom45.pml,0,0,
elastic-beats:metrics_Metrics73.pml,0,0,
mattermost-mattermost-server:app_Pump125.pml,0,0,
docker-distribution:s3_copy698.pml,0,0.37037037037037035,
jpillora-overseer:overseer_run58.pml,0,0,
ipfs-go-ipfs:peerlog_Init70.pml,0,0,
keybase-client:search_closeIndexLocked145.pml,0,0,
henrylee2cn-pholcus:queue_Init15.pml,0,0,
sourcegraph-webloop:webloop_Load73.pml,0,0,
stripe-veneur:proxysrv_sendMetrics190.pml,0,1,
tsuru-tsuru:provision_actionEntry41.pml,0,0,
influxdata-telegraf:dcos_GatherNode155.pml,0,0,
mperham-inspeqtor:inspeqtor_scan283.pml,0,1,
googollee-go-socket.io:payload_Resume58.pml,0,0,
keybase-client:libkbfs_registerAndWaitForUpdates8104.pml,0,1,
aws-aws-sdk-go:processcreds_executeCredentialProcess332.pml,0,0,
influxdata-telegraf:neptuneapex_Gather81.pml,0,0,
albrow-fo:srcimporter_parseFiles166.pml,0,0,
moby-moby:buildkit_Prune150.pml,0,0,
name5566-leaf:timer_NewDispatcher15.pml,0,0,
mattermost-mattermost-server:app_RemoveUserFromTeam1156.pml,0,0,
fabiolb-fabio:proxy_Shutdown85.pml,0,0,
kubernetes-client-go:pager_eachListChunkBuffered170.pml,0,0,
moby-moby:server_serveAPI79.pml,0,0,
tsuru-tsuru:container_SafeAttachWaitContainer571.pml,0,0,
containerd-containerd:scheduler_newScheduler165.pml,0,0,
francoispqt-gojay:gojay_borrowDecoder37.pml,0,0,
iawia002-annie:xvideos_getSrc33.pml,0,0,
henrylee2cn-teleport:erpc_shutdown49.pml,0.16666666666666666,0.75,
lxc-lxd:storage_CreateInstanceFromCopy703.pml,0,0,
keybase-kbfs:libkbfs_registerAndWaitForUpdates6752.pml,0,1,
gonum-gonum:fd_laplacianConcurrent91.pml,0,0.5918367346938775,
hashicorp-consul:router_maybeInitializeManager256.pml,0,0,
perkeep-perkeep:index_GetFileInfo1358.pml,0,0,
nanomsg-mangos:inproc_Dial134.pml,0,0,
aws-amazon-ecs-agent:sighandlers_FinalSave70.pml,0,0,
keybase-client:libkb_HandleNewChatActivity992.pml,0,0,
TykTechnologies-tyk:gateway_gatherHealthChecks104.pml,0,0,
wallix-awless:awsservices_Fetch2185.pml,0,0,
TykTechnologies-tyk:gateway_Init190.pml,0,0,
kahing-goofys:internal_DeleteBlobs59.pml,0,0,
keybase-client:teams_checkParallel309.pml,0,0.8181818181818182,
libp2p-go-libp2p:mocknet_notifyAll376.pml,0,0,
git-lfs-git-lfs:lfs_parseScannerLogOutput122.pml,0,0,
mattermost-mattermost-server:searchlayer_autocompleteUsersInChannelByEngine103.pml,0,0,
liangdas-mqant:etcdv3_newEtcdv3Watcher19.pml,0,1,
elastic-beats:stress_RunTests51.pml,0,0.6666666666666666,
convox-rack:aws_ProcessExec32.pml,0,1,
mattermost-mattermost-server:app_searchPostsInTeam1123.pml,0,0,
thrasher--gocryptotrader:stream_Shutdown356.pml,0,0,
lastbackend-lastbackend:socket_New175.pml,0,0,
mattermost-mattermost-server:sqlstore_SearchPostsInTeamForUser2020.pml,0,0,
hashicorp-nomad:nomad_flush479.pml,0,0,
flynn-flynn:state_moving474.pml,0,0,
vitessio-vitess:wrangler_plannedReparentShardLocked202.pml,0,0,
kubernetes-contrib:glog_timeoutFlush743.pml,0,0,
virtual-kubelet-virtual-kubelet:node_deleteDanglingPods531.pml,0,0.2222222222222222,
gravitational-teleport:client_ExecuteSCP857.pml,0,0,
thrasher--gocryptotrader:engine_Start25.pml,0,0,
prometheus-alertmanager:cli_bulkImport80.pml,0,1,
chromedp-chromedp:chromedp_documentUpdated234.pml,0,0,
henrylee2cn-pholcus:xlsx_readSheetsFromZipFile612.pml,0,0,
codetainerapp-codetainer:sqlite3_test_TestPreparedStmt259.pml,0,0,
ginuerzh-gost:gost_transportUDP418.pml,0,1,
open-falcon-falcon-plus:backend_pool_Send91.pml,0,0,
xtaci-gonet:helper_init14.pml,0,1,
influxdata-telegraf:marklogic_Gather138.pml,0,0,
prometheus-prometheus:tsdb_Read867.pml,0,0,
zyedidia-micro:config_fetchAllSources92.pml,0,0,
mehrdadrad-mylg:speedtest_download192.pml,0,0,
keybase-client:chat_localizeConversations505.pml,0,0,
keybase-kbfs:libkbfs_StallMDOp145.pml,0,0,
fatedier-frp:group_HTTPConnectListen102.pml,0,0,
AsynkronIT-protoactor-go:stream_NewUntypedStream24.pml,0,0,
heptio-ark:bug_getKubectlVersion140.pml,0,0,
prometheus-prometheus:index_EnsureOrder190.pml,0,0.6923076923076923,
aws-aws-sdk-go:eventstreamtest_serveBiDirectionalStream64.pml,0,0,
xtaci-kcp-go:kcp_NewTimedSched49.pml,0,0,
intelsdi-x-snap:client_pluginUploadRequest300.pml,0,1,
lucas-clemente-quic-go:quic_close263.pml,0,0,
wallix-awless:inspectors_Inspect44.pml,0,0,
gravitational-teleport:workpool_start90.pml,0,0,
ncw-rclone:policy_epff19.pml,0,0.6666666666666666,
mozilla-services-heka:file_Init118.pml,0,0,
purpleidea-mgmt:coreworld_Init76.pml,0,0,
nsqio-nsq:protocol_TCPServer17.pml,0,0,
vitessio-vitess:inst_MoveUpReplicas354.pml,0,0,
keybase-client:attachments_putMultiPipeline143.pml,0,0,
Qihoo360-poseidon:redisx_Receive91.pml,0,1,
vmware-harbor:chartserver_DeleteChart37.pml,0.7777777777777778,0.2222222222222222,
nytlabs-streamtools:library_Setup104.pml,0,0,
uber-prototool:file_walkAndGetAllProtoFiles213.pml,0,0,
lxc-lxd:storage_CreateCustomVolumeFromCopy2466.pml,0,0,
keybase-client:libkbfs_startOpOrWait161.pml,0,0,
hashicorp-packer:googlecompute_AddToInstanceMetadata736.pml,0,1,
hashicorp-consul:autoconf_handleTokenUpdate47.pml,0,0,
chain-chain:core_updateAccountTags55.pml,0,0,
minio-minio:cmd_connectDisks194.pml,0,0,
jpmorganchase-quorum:pipes_TCPPipe30.pml,0,0,
alibaba-pouch:daemonv2_Start95.pml,0,1,
coredns-coredns:health_OnStartup28.pml,0,0,
bcicen-ctop:collector_Start34.pml,0,0,
chain-chain:core_createControlProgram16.pml,0,0,
Jguer-yay:main_upList24.pml,0,0,
kubernetes-kops:gossip_Start53.pml,0,0,
docker-docker-ce:remote_Exec272.pml,0,0,
juju-juju:cache_newNotifyWatcherBase46.pml,0,0,
hyperledger-archives-fabric:peer_NewPeerHandler50.pml,0,0,
keybase-client:libkbfs_kickOffPartialSync1283.pml,0,0,
bosun-monitor-bosun:expr_promMQuery301.pml,0,0,
kubernetes-contrib:agent_forwardUnixSocket81.pml,0,0,
henrylee2cn-pholcus:cache_init99.pml,0,0,
rancher-rancher:clusterstats_callWithTimeout220.pml,0,1,
mehrdadrad-mylg:main_discovery422.pml,0,0,
keybase-client:libkb_HandleChatJoinedConversation1254.pml,0,0,
ncw-rclone:cache_cacheReader1361.pml,1,0,
keybase-client:libkb_HandleChatTLFFinalize1053.pml,0,0,
mattermost-mattermost-server:app_GetTeamStats1807.pml,0,0,
jpmorganchase-quorum:usbwallet_Open140.pml,0,0,
go-xorm-xorm:main_test30.pml,0,0,
pachyderm-pachyderm:work_RunTaskBlock107.pml,0,1,
convox-rack:aws_deleteBucket433.pml,0,0,
git-lfs-git-lfs:git_NewLsFiles23.pml,0,0,
prometheus-alertmanager:restapi_NewServer60.pml,0,0,
tenta-browser-tenta-dns:runtime_StartGeo74.pml,0,0,
golang-tools:ssa_Build2239.pml,0,0,
gocolly-colly:colly_Init68.pml,0,0,
ardanlabs-gotraining:search_Submit42.pml,0,0,
rtr7-router7:dns_probeUpstreamLatency147.pml,0,0,
keybase-client:libkb_NewLoopbackConnPair60.pml,0,0,
zalando-skipper:script_initScript123.pml,0,0,
mattermost-mattermost-server:app_AddUserToTeamByInviteId634.pml,0,0,
purpleidea-mgmt:integration_Quit252.pml,0,0,
influxdata-telegraf:nginx_vts_Gather51.pml,0,0,
mozilla-services-heka:process_Init64.pml,0,0,
chrislusf-seaweedfs:weed_server_addClient248.pml,0,0,
tobyhede-go-underscore:un_eachSliceP100.pml,0,0,
influxdata-telegraf:mesos_Gather172.pml,0,0,
hashicorp-packer:googlecompute_AddToInstanceMetadata298.pml,0,0,
coreos-fleet:main_lazyCreateUnits778.pml,0,0.6666666666666666,
golang-net:nettest_testRacyRead147.pml,0,0,
keybase-kbfs:libfs_Lock142.pml,0,0,
keybase-client:libkb_HandleTeamDeleted2167.pml,0,0,
juju-juju:maas_removeAll203.pml,0,0,
jpmorganchase-quorum:testing_expect112.pml,0,1,
remind101-empire:cloudformation_Start65.pml,0,0,
keybase-client:chat_Start69.pml,0,0,
prometheus-alertmanager:dispatch_Run108.pml,0,0,
purpleidea-mgmt:coreworld_Init260.pml,0,0,
convox-rack:manifest1_run43.pml,0,0,
influxdata-telegraf:sqlserver_Gather216.pml,0,0,
influxdata-telegraf:eventhub_Start196.pml,0,0,
lovoo-goka:goka_Close629.pml,0,0,
ncw-rclone:union_SetModTime103.pml,0,0,
Workiva-go-datastructures:palm_executeInterfacesInParallel173.pml,0,0.4444444444444444,
vitessio-vitess:fakerpcvtgateconn_StreamExecute113.pml,0,0,
vitessio-vitess:wrangler_forAllUids1386.pml,0,0,
nsqio-nsq:clusterinfo_GetLookupdTopicProducers240.pml,0,0,
influxdata-kapacitor:replay_doRecordStream1275.pml,1,0,
hashicorp-packer:googlecompute_WaitForInstance249.pml,0,0,
v2tec-watchtower:update_New16.pml,0,0,
keybase-client:chat_checkFeature191.pml,0,1,
kubernetes-kubernetes:pluginwatcher_AddPluginName128.pml,0,0,
juju-juju:gce_foreachVolume271.pml,0,0,
dgraph-io-dgraph:worker_InitServerState48.pml,0,0,
libp2p-go-libp2p:basichost_doSync132.pml,0,0,
go-gitea-gitea:queue_NewWorkerPool49.pml,0,0,
zyedidia-micro:config_init14.pml,0,0,
vektah-gqlgen:testexecutor_New16.pml,0,0,
juju-juju:azure_deleteResources1949.pml,0,0,
rook-rook:cleanup_sanitizeRawDisk79.pml,0,0,
perkeep-perkeep:server_runFullValidation751.pml,0,0,
ardanlabs-gotraining:freq_ConcurrentBounded48.pml,0,0,
influxdata-telegraf:tcp_listener_Start87.pml,0,0,
future-architect-vuls:scan_parallelExec75.pml,0,0,
bosun-monitor-bosun:collectors_c_oracle38.pml,0,0,
bradfitz-http2:http2_newWriterAndRequest1347.pml,0,0,
docker-docker-ce:distribution_pullSchema2Layers617.pml,0,1,
gdamore-tcell:tcell_NewTerminfoScreen43.pml,0,0,
go-kit-kit:cloudwatch2_New69.pml,0,0,
vektah-gqlgen:testexecutor_NewError97.pml,0,0,
xtaci-kcp-go:kcp_newUDPSession126.pml,0,0,
ginuerzh-gost:gost_forwardRequest391.pml,0,0,
docker-libnetwork:dbclient_doWriteKeys483.pml,0.8888888888888888,0,
kubernetes-kubernetes:remotecommand_createStreams105.pml,0,1,
victorcoder-dkron:dkron_Run12.pml,0,0,
lastbackend-lastbackend:service_NewServiceState325.pml,0,0,
docker-swarm:api_tlsDialWithDialer166.pml,0,1,
hashicorp-nomad:structs_Listen125.pml,0,0,
vitessio-vitess:resharding_TestResharding186.pml,0,0,
golang-tools:jsonrpc2_AsyncHandler87.pml,0,0,
loadimpact-k6:executor_gracefulStop162.pml,0,0,
hashicorp-packer:googlecompute_RunInstance236.pml,0,0,
improbable-eng-thanos:cacheutil_getMultiBatched403.pml,0,0.6666666666666666,
google-trillian:clock_newFakeTimer47.pml,0,0,
kahing-goofys:internal_DeleteBlobs665.pml,0,0,
purpleidea-mgmt:coredeploy_Init82.pml,0,0,
containerd-containerd:content_Fetch148.pml,0,0,
ReactiveX-RxGo:rxgo_Thrown332.pml,0,0,
alexei-led-pumba:netem_Run121.pml,0,0,
purpleidea-mgmt:funcs_Init181.pml,0,0,
micro-go-micro:tunnel_Connect1016.pml,0,0,
NebulousLabs-Sia:contractmanager_managedEmptyStorageFolder164.pml,0,0.14814814814814814,
intelsdi-x-snap:control_startPlugin189.pml,0,1,
keybase-client:chat_start331.pml,0,0,
hashicorp-vault:cachememdb_NewContextInfo99.pml,0,0,
Workiva-go-datastructures:futures_wchan49.pml,0,0,
influxdata-telegraf:beanstalkd_Gather36.pml,0,0,
hlandau-acme:solver_orderAuthorizeAll136.pml,0,0,
chrislusf-gleam:util_CopyMultipleReaders58.pml,0,0.6666666666666666,
lxc-lxd:drivers_receiveVolume1174.pml,0,0,
vitessio-vitess:srvtopo_FindAllTargets35.pml,0,0,
golang-tools:lsp_debounce35.pml,0,0,
siddontang-ledisdb:rpl_NewFileStore64.pml,0,0,
google-syzkaller:targets_lazyInit753.pml,0,0,
digitalocean-doctl:do_PaginateResp47.pml,0,1,
hyperledger-fabric:kafka_reprocessConfigPending205.pml,0,0,
serverless-event-gateway:router_StartWorkers122.pml,0,0,
upspin-upspin:cacheutil_Start31.pml,0,0,
intelsdi-x-snap:plugin_Run105.pml,1,0,
keybase-client:libkb_HandlePaperKeyCached1853.pml,0,0,
hashicorp-packer:ncloud_waiterBlockStorageInstanceStatus11.pml,0,0,
leveros-leveros:admin_DeployServiceDir17.pml,0,1,
intelsdi-x-snap:rest_Start210.pml,0,0,
tendermint-tendermint:privval_OnStart66.pml,0,1,
nats-io-gnatsd:server_catchupFollower1160.pml,0,0,
lxc-lxd:storage_RefreshInstance890.pml,0,0,
nanomsg-mangos:test_TestListenAndAccept56.pml,0,0,
github-orchestrator:kv_DistributePairs101.pml,0,0,
NebulousLabs-Sia:renter_Disrupt18.pml,0,1,
purpleidea-mgmt:structs_Init69.pml,0,0,
fvbock-endless:main_main105.pml,0,0,
purpleidea-mgmt:structs_Init112.pml,0,0,
burke-zeus:processtree_NewSlaveNode74.pml,0,0,
purpleidea-mgmt:coreexample_Init78.pml,0,0,
docker-libnetwork:datastore_RestartWatch369.pml,0,0,
moby-moby:remote_Start157.pml,0,0,
cortesi-devd:livereload_NewServer51.pml,0,1,
mattermost-mattermost-server:app_Start949.pml,0,0,
pachyderm-pachyderm:require_NoErrorWithinTRetry420.pml,0,0,
tendermint-tendermint:consensus_WALGenerateNBlocks30.pml,0,0,
vitessio-vitess:zkctl_Start74.pml,0,0,
jpmorganchase-quorum:p2p_Start440.pml,0,0,
docker-libnetwork:dbclient_doNetworkPeers415.pml,0.4444444444444444,0,
minio-minio:cmd_DeleteObjects826.pml,0,0,
flynn-flynn:login_loginAuto329.pml,0,0,
koding-kite:kite_run388.pml,0,0,
pulumi-pulumi:deploy_ExecuteParallel126.pml,0,0,
ncw-rclone:march_processJob379.pml,0,0.2222222222222222,
yahoo-gryffin:renderer_Do222.pml,0,0,
henrylee2cn-pholcus:crawler_Reset38.pml,0,0.5,
ncw-rclone:qingstor_multiPartUpload345.pml,0,1,
ipfs-go-ipfs:commands_resolveAddresses467.pml,0,0,
syncthing-syncthing:nat_discoverAll23.pml,0,1,
apex-apex:project_Deploy190.pml,0.6666666666666666,0,
CodisLabs-codis:main_Run124.pml,0,0,
remind101-empire:docker_Tasks93.pml,0,0,
Workiva-go-datastructures:hilbert_bundlesFromRects39.pml,0.3333333333333333,0.3333333333333333,
mozilla-services-heka:process_Run208.pml,0,1,
influxdata-telegraf:dovecot_Gather54.pml,0,0,
mattermost-mattermost-server:app_AddUserToTeam482.pml,0,0,
influxdata-telegraf:redis_Gather308.pml,0,0,
ericfreese-rat:rat_NewMatchAnnotator101.pml,0,0,
keybase-client:libfs_Unlock187.pml,0,0,
pingcap-tidb:tikv_sendBatchPut542.pml,0,0,
tsuru-tsuru:autoscale_addMultipleNodes336.pml,0,0,
chrislusf-seaweedfs:topology_NewTopology43.pml,0,0,
influxdata-telegraf:rabbitmq_gatherNodes452.pml,0,0,
grpc-grpc-go:grpc_resetConnectBackoff1418.pml,0,0,
henrylee2cn-faygo:websocket_newConn258.pml,0,0,
hajimehoshi-ebiten:glfw_Run28.pml,0,0,
wallix-awless:awsfetch_getBucketsPerRegion110.pml,0,0.3333333333333333,
nanobox-io-nanobox:log_newMistClient184.pml,0,1,
thrasher--gocryptotrader:stream_Setup43.pml,0,0,
Workiva-go-datastructures:merge_MultithreadedSortComparators23.pml,0.8888888888888888,0,
lastbackend-lastbackend:backend_NewSocketBackend240.pml,0,1,
Workiva-go-datastructures:btree_Apply26.pml,0,0,
ory-hydra:server_RunServeAll126.pml,0,0,
gocircuit-circuit:pubsub_newQueue145.pml,0,1,
hashicorp-nomad:client_saveState1214.pml,0,0,
chrislusf-seaweedfs:operation_DeleteFilesWithLookupVolumeId50.pml,0,0,
hashicorp-packer:googlecompute_getGCEUser151.pml,0,0,
tsuru-tsuru:io_formatMessagePart240.pml,0,0,
minio-minio:cmd_healObjectDir486.pml,0,0,
ory-hydra:server_RunServePublic108.pml,0,0,
rakyll-hey:requester_runWorkers234.pml,0,0,
influxdata-telegraf:jenkins_getJobDetail312.pml,0,0,
keybase-kbfs:libkbfs_StallBlockOp116.pml,0,0,
stripe-veneur:datadog_Flush112.pml,0,0,
jaegertracing-jaeger:pool_New25.pml,0,0.6666666666666666,
perkeep-perkeep:dockertest_loadCamliHubImage73.pml,0,1,
keybase-client:libkbfs_setPaused1312.pml,0,0,
jpmorganchase-quorum:ethash_generateDataset267.pml,0,0,
dgraph-io-dgraph:conv_convertGeoFile63.pml,0,1,
minio-minio:cmd_Write36.pml,0,0,
42wim-matterbridge:matterclient_wsConnect207.pml,0,0,
keybase-client:libkb_HandleTeamChangedByID2026.pml,0,0,
alibaba-pouch:server_Stop107.pml,0,0,
perkeep-perkeep:encrypt_readAllMetaBlobs242.pml,0,0,
codegangsta-gin:gin_Kill63.pml,0,0,
github-orchestrator:logic_init75.pml,0,0,
gilbertchen-duplicacy:duplicacy_benchmarkRun64.pml,0,0.2222222222222222,
mattermost-mattermost-server:sqlstore_GetPosts751.pml,0,0,
tendermint-tendermint:client_startReadWriteRoutines315.pml,0,0,
keybase-client:libkb_HandleTeambotKeyNeeded2466.pml,0,0,
hyperledger-archives-fabric:peer_reset105.pml,0,0,
moby-moby:archive_CopyFileWithTar1134.pml,0,0,
mattermost-mattermost-server:app_MentionsToTeamMembers221.pml,0,0,
tendermint-tendermint:mempool_EnableTxsAvailable112.pml,0,0,
vitessio-vitess:logic_refreshTabletsUsing72.pml,0,0,
hajimehoshi-ebiten:glfw_setWindowSize877.pml,0,0,
fabiolb-fabio:consul_makeConfig64.pml,0,0.2222222222222222,
mattermost-mattermost-server:app_processPrepackagedPlugins808.pml,0,0,
thrasher--gocryptotrader:engine_Start30.pml,0,0,
mattermost-mattermost-server:sqlstore_GetThreadsForUser111.pml,0,0,
intelsdi-x-snap:control_CollectMetrics988.pml,0.6666666666666666,0,
mattermost-mattermost-server:app_CreateOAuthUser338.pml,0,0,
sanathp-statusok:requests_RequestsInit83.pml,0,0,
hyperledger-archives-fabric:peer_reset76.pml,0,0,
docker-docker-ce:load_pullImages109.pml,0,0.3333333333333333,
hashicorp-consul:checks_Start753.pml,0,0,
pingcap-tidb:tikv_checkAllSecondaries831.pml,0,0,
chrislusf-seaweedfs:filersink_replicateChunks18.pml,0,0,
grpc-grpc-go:buffer_Drain240.pml,0,0,
influxdata-telegraf:dcos_NewClusterClient114.pml,0,0,
jaegertracing-jaeger:servers_NewTBufferedServer73.pml,0,0,
nanomsg-mangos:core_Dial42.pml,0,0,
mozilla-services-heka:statsd_Init67.pml,0,0,
solo-io-unik:gcloud_waitOperation13.pml,0,1,
elastic-beats:mqtt_newInput70.pml,0,0,
hu17889-go_spider:resource_manage_NewResourceManageChan12.pml,0,0,
dgraph-io-badger:badger_Orchestrate382.pml,0,0,
gocircuit-circuit:dns_Shutdown316.pml,0,0,
siddontang-go-mysql:dump_DumpAndParse224.pml,0,0,
influxdata-telegraf:agent_once1014.pml,0,0,
kubernetes-kubernetes:componentstatus_List67.pml,0,0,
mehrdadrad-mylg:icmp_send292.pml,0,0,
pulumi-pulumi:operations_getLogsForLogGroupsConcurrently159.pml,0,0,
lightningnetwork-lnd:htlcswitch_makePayment758.pml,0,0,
apex-apex:project_CreateOrUpdateAlias377.pml,0.6666666666666666,0,
perkeep-perkeep:main_emailOnTimeout207.pml,0,0,
coreos-fleet:rpc_Close77.pml,0,0,
liangdas-mqant:logs_Async274.pml,0,0,
victorcoder-dkron:dkron_setupSerf382.pml,0,0,
vitessio-vitess:inst_ReadTopologyInstanceBufferable312.pml,0,0,
influxdata-telegraf:dns_query_Gather72.pml,0,0,
cweill-gotests:gotests_parallelize69.pml,0,0,
goadesign-goa:xraytest_ReadUDP16.pml,0,0,
pingcap-tidb:latch_NewScheduler35.pml,0,0,
influxdata-kapacitor:kapacitor_start196.pml,0,0,
derekparker-delve:proc_loadBinaryInfo452.pml,0,0,
linkerd-linkerd2:webhook_NewServer44.pml,0,1,
tsuru-tsuru:integration_forExpanded82.pml,0,0,
keybase-kbfs:libkbfs_GetCleanEncodedBlocksSizeSum499.pml,0,0,
github-git-sizer:git_NewObjectIter401.pml,0,1,
kubernetes-kubernetes:windows_deletePodsSync260.pml,0,0,
src-d-gitbase:main_replace134.pml,0,0,
michaelmacinnis-oh:engine_System126.pml,0,1,
keybase-client:kbfssync_Release132.pml,0,0,
hashicorp-vault:vault_SetConfig856.pml,0,0,
gravitational-teleport:client_NewClient872.pml,0,0,
hashicorp-consul-template:test_WaitForContents36.pml,0,0,
hyperledger-fabric:statecouchdb_executeBatches22.pml,0.3333333333333333,0.3333333333333333,
alibaba-pouch:daemon_StartDaemon134.pml,0,1,
purpleidea-mgmt:puppet_Init171.pml,0,0,
gorgonia-gorgonia:gorgonia_do281.pml,0,1,
grammarly-rocker:dockerclient_Ping108.pml,0,1,
mattermost-mattermost-server:app_LeaveChannel1974.pml,0,0,
influxdata-kapacitor:httpd_Open145.pml,0,0,
golang-tools:folding_bar12.pml,0,0,
adrianco-spigo:asgard_CreateChannels36.pml,0,0,
letsencrypt-boulder:bdns_LookupHost445.pml,0,0,
sourcegraph-webloop:webloop_Title101.pml,0,1,
hashicorp-vault:raft_writeBoltDBFile319.pml,0,0,
gocircuit-circuit:dns_ActivateAndServe282.pml,0,0,
ncw-rclone:operations_HashLister923.pml,0,0,
afex-hystrix-go:hystrix_Start30.pml,0,0,
keybase-client:runtimestats_Start45.pml,0,0,
purpleidea-mgmt:main_Init42.pml,0,0,
nats-io-gnatsd:server_startGWReplyMapExpiration3068.pml,0,0,
stripe-veneur:veneur_startProcessingOnUDP41.pml,0,1,
getgauge-gauge:runner_Kill38.pml,0,0,
hashicorp-consul:exec_createSession398.pml,0,0,
chrislusf-seaweedfs:shell_parallelCopyEcShardsFromSource209.pml,0,0,
chrislusf-seaweedfs:topology_distributedOperation147.pml,0,0.75,
NebulousLabs-Sia:contractmanager_spawnSyncLoop239.pml,0,0,
peco-peco:peco_Reset88.pml,0,0,
lastbackend-lastbackend:cluster_NewClusterState433.pml,0,0,
open-falcon-falcon-plus:graph_Last270.pml,0,0,
tendermint-tendermint:pubsub_NewServer109.pml,0,0,
stripe-veneur:veneur_Serve377.pml,0,0,
influxdata-kapacitor:kapacitor_init144.pml,0,0,
influxdata-telegraf:nginx_plus_Gather52.pml,0,0,
mattermost-mattermost-server:app_RevokeAccessToken517.pml,0,0,
rancher-os:respawn_run63.pml,0,0.6666666666666666,
xtaci-kcp-go:kcp_serveConn1009.pml,0,0,
Workiva-go-datastructures:btree_determinePaths118.pml,0,0,
elastic-beats:cloudfoundry_newModuleV126.pml,0,0,
nsqio-nsq:clusterinfo_GetLookupdProducers170.pml,0,0,
purpleidea-mgmt:funcs_Init226.pml,0,0,
purpleidea-mgmt:langpuppet_Init172.pml,0,0,
influxdata-telegraf:cloud_pubsub_waitForResults253.pml,0,0,
weaveworks-scope:docker_StartGatheringStats134.pml,0,1,
twitchtv-twirp:errcheck_CheckPackages161.pml,0,0,
codetainerapp-codetainer:websocket_newConn169.pml,0,0,
github-orchestrator:inst_StartReplicas497.pml,0,0,
go-kit-kit:cloudwatch_New92.pml,0,0,
snapcore-snapd:client_doMany97.pml,0,0,
360EntSecGroup-Skylar-goreporter:ssa_Build2236.pml,0,0,
henrylee2cn-teleport:erpc_Close389.pml,0,0.75,
open-policy-agent-opa:http_Start95.pml,0,0,
alecthomas-gometalinter:imports_fixImports147.pml,0,0.8333333333333334,
weaveworks-scope:render_Render72.pml,0,0.8148148148148148,
google-keytransparency:keyserver_batchGetUserIndex355.pml,0,0.5,
dgraph-io-dgraph:worker_multiSort353.pml,0,0,
dropbox-godropbox:cinterop_StartServer48.pml,0,1,
gravitational-teleport:auth_Close170.pml,0,1,
improbable-eng-thanos:testoldstoreset_getHealthyStores275.pml,0,0,
weaveworks-scope:multitenant_Handle212.pml,0,0,
joewalnes-websocketd:libwebsocketd_Terminate32.pml,0,1,
kubernetes-kubernetes:portforward_handleHTTPStreams36.pml,0,0,
google-novm:machine_init687.pml,0,0,
kubernetes-kubernetes:chaosmonkey_Do78.pml,0,0,
flynn-flynn:rpcplus_StreamGo390.pml,0,0,
keybase-client:libkbfs_SetSyncConfig9438.pml,0,0,
perkeep-perkeep:fs_Unmount28.pml,0,1,
dzhou121-gonvim:fuzzy_reset123.pml,0,0,
pachyderm-pachyderm:collection_runSTM93.pml,0,0,
anthonynsimon-bild:parallel_Line15.pml,0,0,
containous-traefik:acme_watchCertificate574.pml,0,0,
purpleidea-mgmt:semaphore_Init39.pml,0,0,
go-gitea-gitea:archiver_ArchiveRepository258.pml,0,0,
go-swagger-go-swagger:restapi_NewServer46.pml,0,0,
grammarly-rocker:s3_MakeTar349.pml,0,0,
hashicorp-packer:restart_Provision103.pml,0,0,
keybase-client:libkb_Identify1666.pml,0,0,
vuvuzela-vuvuzela:coordinator_loop273.pml,0,0.3333333333333333,
kubernetes-kubernetes:async_Start38.pml,0,0,
moby-moby:buildkit_Build203.pml,0,0,
gohugoio-hugo:watcher_New32.pml,0,0,
mattermost-mattermost-server:app_DeleteChannel1187.pml,0,0,
mattermost-mattermost-server:app_UpdateUserRoles1561.pml,0,0,
chrislusf-gleam:scheduler_DeleteOutput11.pml,0,0,
docker-swarmkit:agent_start121.pml,0,0,
thrasher--gocryptotrader:engine_Start135.pml,0,0,
chrislusf-seaweedfs:filer_pb_TraverseBfs11.pml,0,1,
hashicorp-packer:qemu_Qemu100.pml,0,0,
containerd-containerd:process_cancel366.pml,0,0,
henrylee2cn-pholcus:crawler_Run55.pml,0,0,
keybase-client:chat_Start594.pml,0,0,
coredns-coredns:clouddns_updateZones178.pml,0,0,
looterz-grimd:main_fetchSources64.pml,0,0,
kubernetes-kubernetes:kuberuntime_killContainersWithSyncResult648.pml,0,0,
hashicorp-packer:ncloud_waiterMemberServerImageStatus11.pml,0,0,
purpleidea-mgmt:yamlgraph_Init106.pml,0,0,
prometheus-prometheus:scrape_TargetsActive286.pml,0,0,
fatedier-frp:client_Run353.pml,0,0,
chrislusf-seaweedfs:msgclient_Subscribe100.pml,0,0,
hyperledger-archives-fabric:noops_newNoops61.pml,0,0,
celrenheit-sandglass:topic_InitStore56.pml,0,0,
ncw-rclone:downloaders_Download246.pml,0,1,
vitessio-vitess:wrangler_forAllTargets1369.pml,0,0,
weaveworks-weave:ipam_Claim316.pml,0,1,
lovoo-goka:goka_EmitSyncWithHeaders95.pml,0,1,
henrylee2cn-pholcus:scheduler_Init30.pml,0,0,
xenolf-lego:certificate_getAuthorizations18.pml,0.6666666666666666,0,
convox-rack:aws_IndexDiff18.pml,0,0.75,
42wim-matterbridge:bsteam_New24.pml,0,0,
chain-chain:core_build104.pml,0,0,
nsqio-nsq:clusterinfo_GetLookupdTopicChannels122.pml,0,0,
elastic-beats:outputs_WithBackoff38.pml,0,0,
NebulousLabs-Sia:contractmanager_syncResources18.pml,0,0,
kubernetes-contrib:cancellable_canceler15.pml,0,0,
mozilla-services-heka:tcp_Init72.pml,0,0,
containerd-containerd:metadata_GarbageCollect280.pml,0,0,
hyperledger-fabric:dockercontroller_streamOutput380.pml,0,0,
nwidger-nintengo:nes_newBridge51.pml,0,0,
Qihoo360-poseidon:poseidon_FetchDocItems171.pml,0,0.6666666666666666,
chrislusf-seaweedfs:command_uploadFileInChunks378.pml,0,0.7777777777777778,
hashicorp-consul:checks_Start82.pml,0,0,
mozilla-services-heka:http_Init90.pml,0,0,
keybase-client:flip_handleMessageStart681.pml,0,0,
mehrdadrad-mylg:scan_tcpConnScan353.pml,0,0,
google-netstack:tmutex_Init31.pml,0,0,
docker-swarmkit:test_RouteChat1398.pml,0,1,
astaxie-bat:main_RunBench21.pml,0.4444444444444444,0.2222222222222222,
vitessio-vitess:zk2topo_ListDir30.pml,0,0,
hashicorp-packer:googlecompute_DeleteImage146.pml,0,0,
tj-mmake:installer_Install61.pml,0,0,
rexray-rexray:agent_StartModule354.pml,0,0,
vitessio-vitess:vtadmin_GetTablets271.pml,0,0,
hellofresh-janus:web_New33.pml,0,0,
prometheus-prometheus:storage_Select100.pml,0,0,
go-gitea-gitea:pipeline_FindLFSFile40.pml,0,0,
tendermint-tendermint:client_OnStart169.pml,0,0,
gravitational-teleport:client_isRecordingProxy437.pml,0,1,
hashicorp-nomad:executor_execStreaming203.pml,0,0,
nanomsg-mangos:inproc_Accept216.pml,0,1,
ginuerzh-gost:gost_tunnelClientUDP1315.pml,0,0,
erroneousboat-slack-term:service_GetChannels77.pml,0,0,
360EntSecGroup-Skylar-goreporter:errorcheck_CheckPackages176.pml,0,0,
flike-kingshard:backend_Open57.pml,0,0,
influxdata-telegraf:statsd_Start326.pml,0,0,
pingcap-tidb:perfschema_dataForRemoteProfile261.pml,0,0,
kubernetes-kubernetes:podgc_gcTerminated127.pml,0,0,
influxdata-telegraf:leofs_Gather163.pml,0,0,
hyperledger-fabric:privdata_gatherResponses314.pml,0,0,
purpleidea-mgmt:etcd_Init431.pml,0,0,
minio-minio:cmd_ServerInfo1219.pml,0,0,
GoogleContainerTools-kaniko:util_WalkFS921.pml,0,0,
hashicorp-packer:command_RunContext145.pml,0,0,
keybase-client:libkb_HandleTeambotEKNeeded2397.pml,0,0,
aws-aws-sdk-go:csm_connect27.pml,0,0,
influxdata-telegraf:smart_getVendorNVMeAttributes512.pml,0,0,
gomodule-redigo:redisx_Receive90.pml,0,1,
ncw-rclone:operations_Delete1055.pml,0,0,
google-periph:as7262_New35.pml,0,0,
keybase-client:libkb_HandleTeamRoleMapChanged2221.pml,0,0,
ysrc-yulong-hids:action_TaskThread35.pml,0,0,
prometheus-prometheus:scrape_reload332.pml,0,0,
keybase-client:tlfhandle_parseHandleLoose770.pml,0,0,
jpmorganchase-quorum:p2p_MsgPipe153.pml,0,0,
gilbertchen-duplicacy:duplicacy_CreateConfigFromParameters205.pml,0,0,
weaveworks-weave:ipam_Allocate292.pml,0,1,
keybase-client:libkbfs_StallMDOp147.pml,0,0,
ncw-rclone:policy_newest23.pml,0,0,
fsouza-go-dockerclient:docker_enableEventMonitoring207.pml,0,0,
lucas-clemente-quic-go:http3_ListenAndServe485.pml,0,1,
influxdata-telegraf:aerospike_Gather100.pml,0,0,
docker-docker-ce:service_restore18.pml,0,0,
CodisLabs-codis:topom_newProxyStats115.pml,0,0,
open-falcon-falcon-plus:graph_QueryOne81.pml,0,0,
appleboy-gorush:gorush_InitWorkers10.pml,0,0,
bettercap-bettercap:session_SetRunning248.pml,0,0,
keybase-kbfs:dokan_Mount20.pml,0,0,
Terry-Mao-goim:job_Close162.pml,0,1,
tendermint-tendermint:abcicli_finishSyncCall333.pml,0,1,
tendermint-tendermint:core_BroadcastTxSync34.pml,0,1,
Shopify-sarama:sarama_DescribeLogDirs891.pml,0,0,
nats-io-gnatsd:server_spinUpFlushLoop1075.pml,0,0,
grafana-grafana:sqleng_Query131.pml,0,0,
ncw-rclone:info_checkControls250.pml,0,0,
kubernetes-client-go:portforward_handleConnection324.pml,0,0,
henrylee2cn-pholcus:app_Run279.pml,0,1,
vmware-harbor:or_Process62.pml,0,1,
juju-juju:reboot_waitForContainersOrTimeout132.pml,0,0,
purpleidea-mgmt:util_Send219.pml,0,0,
hyperledger-archives-fabric:statetransfer_NewCoordinatorImpl135.pml,0,0,
mattermost-mattermost-server:app_prepareInviteGuestsToChannels1483.pml,0,0,
chrislusf-seaweedfs:msgclient_setupPublisherClient48.pml,0,0,
hashicorp-terraform:command_interactiveGetTokenByCode279.pml,0,1,
pilosa-pilosa:pilosa_notifyWrite334.pml,0,0,
vitessio-vitess:wrangler_forAll730.pml,0,0,
nanomsg-mangos:test_TestSendRecv193.pml,0,0,
docker-libnetwork:networkdb_sendNodeEvent71.pml,0,0,
influxdata-telegraf:agent_Run98.pml,0,0,
docker-machine:commands_runActionForeachMachine456.pml,0.4166666666666667,0.5,
tsuru-tsuru:cmd_samlLogin125.pml,0,1,
gocircuit-circuit:interruptible_init21.pml,0,0,
docker-swarmkit:ca_Stop568.pml,0,0,
xtaci-gonet:core_init50.pml,0,0,
jpmorganchase-quorum:log_BufferedHandler370.pml,0,1,
alibaba-pouch:plugins_getAllPlugins62.pml,0,0,
gravitational-teleport:native_New88.pml,0,0,
sorintlab-stolon:postgresql_start301.pml,0,0,
ginuerzh-gost:gost_transportUDP1235.pml,0,0,
purpleidea-mgmt:client_ComplexWatcher377.pml,0,0,
nuclio-nuclio:v3iostream_Start81.pml,0,0,
google-syzkaller:isolated_ssh152.pml,0,0,
coreos-clair:client_DeleteUpdateOperations60.pml,0,0,
keybase-client:teams_userPreload1254.pml,0,0,
haxpax-gosms:gosms_InitWorker41.pml,0,0,
minio-minio:cmd_getLoadBalancedDisks153.pml,0,0,
Masterminds-glide:repo_ConcurrentUpdate510.pml,0,0.2222222222222222,
perkeep-perkeep:server_validateShardPrefix777.pml,0,1,
fogleman-nes:ui_NewTexture27.pml,0,0,
smallnest-rpcx:serverplugin_Start36.pml,0,0,
golang-tools:cmdtest_runGoplsCmd103.pml,0,0,
thrasher--gocryptotrader:timedmutex_LockForDuration19.pml,0,0,
joyent-containerpilot:telemetry_NewMetric38.pml,0,0,
pingcap-tidb:tikv_batchGetKeysByRegions223.pml,0,0,
perkeep-perkeep:shard_batchedShards87.pml,0,0,
NebulousLabs-Sia:sync_init17.pml,0,0,
golang-net:nettest_testFutureTimeout288.pml,0,0,
thrasher--gocryptotrader:log_Write35.pml,0,0,
ncw-rclone:operations_DeleteFilesWithBackupDir681.pml,0,0,
jpmorganchase-quorum:les_start166.pml,0,0,
chain-chain:core_createAsset14.pml,0,0,
hashicorp-nomad:agent_Shutdown268.pml,0,0,
cloudflare-cfssl:tls_DialWithDialer99.pml,0,1,
surgemq-surgemq:service_ListenAndServe121.pml,0,0,
tsuru-tsuru:provisiontest_NewFakeProvisioner393.pml,0,0,
uniqush-uniqush-push:main_Run217.pml,0,1,
hashicorp-packer:ncloud_terminateServerInstance32.pml,0,0,
github-orchestrator:inst_RepointTo867.pml,0,0,
prasmussen-gdrive:drive_prepareSyncFiles44.pml,0,1,
kubernetes-contrib:archive_collectFileInfoForChanges15.pml,0,0,
aptly-dev-aptly:api_Router13.pml,0,1,
TykTechnologies-tyk:gateway_ProcessRequestOffThread188.pml,0,1,
micro-go-micro:network_Connect1675.pml,0,0,
keybase-kbfs:libkbfs_PushStatusChange75.pml,0,0,
golang-tools:socket_socketHandler104.pml,0,1,
gomodule-redigo:redis_DialContext223.pml,0,0,
purpleidea-mgmt:lib_run37.pml,0,0,
googollee-go-socket.io:websocket_newConn26.pml,0,0,
valyala-fasthttp:fasthttp_init2413.pml,0,0,
improbable-eng-thanos:query_Select195.pml,0,0,
keybase-client:chat_newQueue453.pml,0,0,
hashicorp-nomad:executor_runTTY45.pml,0,0,
hashicorp-consul:checks_Start374.pml,0,0,
kubernetes-kubernetes:vsphere_GenerateNodeMap62.pml,0.6666666666666666,0,
lucas-clemente-quic-go:quic_CloseServer231.pml,0,0,
CodisLabs-codis:proxy_NewBackendConn44.pml,0,0,
flynn-flynn:testutil_RunDiscoverdServer21.pml,0,0,
keybase-kbfs:kbfssync_Add32.pml,0,1,
mozilla-mig:audit_RunPersist114.pml,0,1,
getgauge-gauge:runner_Kill238.pml,0,0,
tsuru-tsuru:cmd_oauthLogin111.pml,0,1,
openshift-origin:topologymanager_createPodsAndWait274.pml,0,0,
syncthing-syncthing:syncthing_run331.pml,0,0,
blevesearch-bleve:upsidedown_Batch787.pml,0,1,
ipfs-go-ipfs:bootstrap_bootstrapConnect153.pml,0,0,
jpmorganchase-quorum:les_sendReceiveHandshake545.pml,0,0,
henrylee2cn-teleport:main_main17.pml,0,0,
mattermost-mattermost-server:app_HandleImages1009.pml,0,0,
convox-rack:aws_BuildExport78.pml,0,0,
docker-libnetwork:dbclient_doJoin339.pml,0.6666666666666666,0,
hashicorp-consul:checks_Start251.pml,0,0,
coreos-torus:distributor_readSpread116.pml,0,1,
golang-net:nettest_testBasicIO66.pml,0,0,
esimov-pigo:canvas_Render69.pml,0,1,
influxdata-telegraf:phpfpm_Gather106.pml,0,0,
minio-minio:cmd_listPath38.pml,0,0,
minio-minio:cmd_deleteAll436.pml,0,0,
alibaba-pouch:containerio_Close147.pml,0,0,
mattermost-mattermost-server:sqlstore_AutocompleteUsersInChannel1896.pml,0,0,
keybase-client:libkb_HandleChatAttachmentDownloadComplete1471.pml,0,0,
convox-rack:token_Authenticate54.pml,0,0.6666666666666666,
micro-micro:pprof_Start59.pml,0,0,
codetainerapp-codetainer:archive_CmdStream803.pml,0,0,
gruntwork-io-terratest:packer_BuildArtifactsE53.pml,0,0,
minio-minio:cmd_GetBandwidth1005.pml,0,0,
prometheus-prometheus:scrape_stop296.pml,0,0,
caffix-amass:systems_setupResolvers286.pml,0,0.5,
hashicorp-go-plugin:plugin_CleanupClients270.pml,0,0,
purpleidea-mgmt:coreworld_Init78.pml,0,0,
vitessio-vitess:inst_RefreshTopologyInstances113.pml,0,0,
tsuru-tsuru:applog_List53.pml,0,0,
perkeep-perkeep:union_Fetch67.pml,0,0,
keybase-client:tlfhandle_MakeExtendedIdentify169.pml,0,0,
tendermint-tendermint:clist_Init232.pml,0,0,
chain-chain:core_createAccount14.pml,0,0,
mozilla-services-heka:pipeline_Init121.pml,0,0,
keybase-client:kbfssync_Add32.pml,0,1,
hyperledger-fabric:etcdraft_start53.pml,0,0,
keybase-client:bots_Start97.pml,0,0,
tobyhede-go-underscore:un_eachMapP113.pml,0,0,
docker-libnetwork:libnetwork_agentOperationStart389.pml,0,0,
bcicen-ctop:connector_Wait44.pml,0,0,
nuclio-nuclio:kafka_Start110.pml,0,0,
tsuru-tsuru:tsurutest_WaitCondition14.pml,0,0,
restic-restic:archiver_NewFileSaver70.pml,0,0,
keybase-client:libkb_HandleNewlyAddedToTeam2304.pml,0,0,
chain-chain:blocksigner_Sign28.pml,0,0,
influxdata-telegraf:dcos_GatherContainers176.pml,0,0,
Ullaakut-cameradar:cameradar_AttackCredentials84.pml,0,0,
keybase-client:libkbfs_signalChangeLocked116.pml,0,0,
keybase-client:engine_Run321.pml,0,1,
keybase-client:libkbfs_setObseletedOnQueuedPrefetch1598.pml,0,0,
src-d-go-git:git_pushHashes1042.pml,0,0,
kubernetes-kubernetes:deployment_waitForDeploymentCompleteAndCheckRollingAndMarkPodsReady241.pml,0,0,
nanomsg-mangos:surveyor_start108.pml,0,0,
thrasher--gocryptotrader:currency_RunUpdater42.pml,0,0,
tendermint-tendermint:server_OnStart222.pml,0,0,
mozilla-services-heka:file_Init45.pml,0,0,
GoogleContainerTools-skaffold:cmd_NewSkaffoldCommand57.pml,0,0,
kidoman-embd:l3gd20_setup189.pml,0,0,
securitywithoutborders-hardentools:main_showEndDialog263.pml,0,1,
nsqio-nsq:clusterinfo_GetNSQDStats536.pml,0,0,
influxdata-kapacitor:udp_Open68.pml,0,0,
istio-istio:v1alpha3_NewConfigGenTest95.pml,0,0,
lxc-lxd:operations_OperationCreate124.pml,0,0,
lovoo-goka:tester_Close146.pml,0,0,
docker-libnetwork:dbclient_doJoinNetwork387.pml,0.6666666666666666,0,
hashicorp-terraform:slowmessage_Do16.pml,0,0,
hyperledger-archives-fabric:producer_newEventHandler33.pml,0,0,
perkeep-perkeep:index_Reindex452.pml,0,0,
zyedidia-micro:shell_init11.pml,0,0,
purpleidea-mgmt:main_Init39.pml,0,0,
mozilla-mig:fswatch_RunPersist146.pml,0,1,
hashicorp-go-plugin:plugin_TestConn33.pml,0,0,
pingcap-tidb:gcworker_doUnsafeDestroyRangeRequest735.pml,0,0,
google-trillian:cache_preload108.pml,0,1,
keybase-client:libfs_Lock147.pml,0,0,
hyperledger-archives-fabric:golang_getCodeFromHTTP117.pml,0,0,
kubernetes-kubernetes:pluginwatcher_Stop157.pml,0,0,
hashicorp-packer:ansible_Prepare223.pml,0,0,
keybase-client:avatars_loadNames495.pml,0,0,
attic-labs-noms:diff_Summary17.pml,0,0,
nytlabs-streamtools:server_NewBlockManager51.pml,0,1,
hashicorp-consul:connect_newDynamicTLSConfig328.pml,0,0,
nats-io-gnatsd:server_ConsumerStore3064.pml,0,0,
istio-istio:status_Init78.pml,0,0,
360EntSecGroup-Skylar-goreporter:lint_NodeFns482.pml,0,1,
census-instrumentation-opencensus-go:metricexport_Start119.pml,0,0,
kubernetes-kubernetes:apiclient_WaitForKubeletAndFunc159.pml,0,0,
snail007-goproxy:utils_Keys243.pml,0,0,
schachmat-wego:backends_Fetch299.pml,0,0,
stripe-veneur:veneur_gRPCStop1450.pml,1,0,
github-orchestrator:inst_RefreshTopologyInstances120.pml,0,0,
tsuru-tsuru:provision_Initialize78.pml,0,0,
chain-chain:core_createAccountReceiver12.pml,0,0,
influxdata-telegraf:tengine_Gather53.pml,0,0,
keybase-client:libkb_HandleNewTeambotKey2432.pml,0,0,
coreos-fleet:main_runFDForward36.pml,0,1,
mattermost-mattermost-server:app_SyncPluginsActiveState71.pml,0,0,
influxdata-telegraf:kinesis_consumer_connect141.pml,0,0,
hashicorp-consul:consul_setupRaft660.pml,0,0,
purpleidea-mgmt:funcs_Init136.pml,0,0,
tendermint-tendermint:p2p_DialAccept196.pml,0,0,
flynn-flynn:cli_tailLogs144.pml,0,1,
nsf-termbox-go:main_main19.pml,0,0,
influxdata-telegraf:docker_Gather145.pml,0,0,
ncw-rclone:b2_purge1152.pml,0,0,
stripe-veneur:veneur_Serve1357.pml,0,1,
ncw-rclone:policy_epall24.pml,0,0,
keybase-kbfs:libkbfs_setHeadLocked1220.pml,0,0,
hashicorp-packer:ncloud_waiterDetachedBlockStorageInstance52.pml,0,0,
restic-restic:archiver_NewTreeSaver50.pml,0,0,
revel-revel:revel_Init44.pml,0,0,
golang-net:nettest_testRacyWrite175.pml,0,0,
heptio-contour:k8s_Writer159.pml,0,0,
Workiva-go-datastructures:hilbert_executeInterfacesInParallel145.pml,0,0.4444444444444444,
docker-swarm:swarm_RemoveVolumes685.pml,0,0,
chrislusf-glow:flow_collectOutput92.pml,0,0,
zalando-skipper:etcdtest_StartProjectRoot47.pml,0,0,
Shopify-toxiproxy:toxics_Run78.pml,0,0,
tenta-browser-tenta-dns:runtime_StartStats74.pml,0,0,
mozilla-mig:dispatch_RunPersist246.pml,0,1,
weaveworks-scope:multitenant_FetchReports48.pml,0,0,
keybase-kbfs:libkbfs_RequestRekeyAndWaitForOneFinishEvent561.pml,0,1,
letsencrypt-boulder:ra_checkInvalidAuthorizationLimits456.pml,0,0,
purpleidea-mgmt:funcs_Init175.pml,0,0,
keybase-client:libkb_HandleChatLeftConversation1285.pml,0,0,
keybase-client:git_getMetadataInner122.pml,0,0,
hashicorp-raft:raft_setupLeaderState353.pml,0,0,
docker-swarm:swarm_CreateVolume618.pml,0,0,
lightningnetwork-lnd:lnd_BroadcastMessage2591.pml,0,0,
hashicorp-consul:pool_init176.pml,0,0,
jpmorganchase-quorum:event_newsub163.pml,0,0,
keybase-client:libkb_HandleChatInboxSyncStarted1204.pml,0,0,
keybase-client:libkb_HandleChatAttachmentDownloadProgress1438.pml,0,0,
NebulousLabs-Sia:contractmanager_RemoveSectorBatch476.pml,0,0.2222222222222222,
vitessio-vitess:kv_DistributePairs91.pml,0,0,
smallnest-rpcx:client_NewConsulDiscoveryStore47.pml,0,0,
golang-tools:cmd_diagnoseFiles519.pml,0,1,
inconshreveable-ngrok:client_doShutdown101.pml,0,1,
virtual-kubelet-virtual-kubelet:remotecommand_createStreams105.pml,0,1,
graph-gophers-graphql-go:exec_execList312.pml,0,0.2222222222222222,
hashicorp-consul:checks_Start610.pml,0,0,
keybase-client:data_getBlocksForOffsetRange494.pml,0,1,
micro-micro:mdns_Lookup59.pml,0,1,
cheggaaa-pb:pb_Start53.pml,0,0,
micro-go-micro:runtime_Start97.pml,0,0,
mattes-migrate:migrate_Run318.pml,0,0.5,
uniqush-uniqush-push:binary_api_multiPush289.pml,0.3333333333333333,0.3333333333333333,
keybase-client:flip_run180.pml,0,1,
pachyderm-pachyderm:datum_newDatumStream255.pml,0,0,
RichardKnop-machinery:machinery_SendGroupWithContext227.pml,0,0.6666666666666666,
oklog-oklog:store_resetVia290.pml,0,0,
docker-libnetwork:dbclient_doDeleteKeys516.pml,0.8888888888888888,0,
purpleidea-mgmt:simplepoly_Init234.pml,0,0,
tsuru-tsuru:io_NewKeepAliveWriter29.pml,0,0,
esimov-pigo:canvas_StartWebcam115.pml,0,1,
jgrahamc-httpdiff:main_main107.pml,0,0,
keybase-client:libkb_GetKeybasePassphrase12.pml,0,1,
gonum-gonum:quad_Fixed41.pml,0,0.5,
chrislusf-seaweedfs:storage_NewStore55.pml,0,0,
keybase-client:chat_Start202.pml,0,0,
ReactiveX-RxGo:rxgo_Empty179.pml,0,0,
getgauge-gauge:install_BufferUpdateDetails29.pml,0,0,
google-syzkaller:instance_testInstance300.pml,0,0,
juju-juju:azure_describeManagedDiskVolumes410.pml,0,0,
jpmorganchase-quorum:backend_Start525.pml,0,0,
hyperledger-fabric:container_Shutdown157.pml,0,0,
Jguer-yay:dep_CheckConflicts122.pml,0,0,
mozilla-services-heka:smtp_Run107.pml,0,0.75,
mozilla-services-heka:irc_NewMockIrcConn44.pml,0,0,
purpleidea-mgmt:structs_Init71.pml,0,0,
lxc-lxd:drivers_sendDataset243.pml,0,0,
golang-tools:cache_typeCheck265.pml,0,0,
prometheus-prometheus:scrape_sync444.pml,0,0,
perkeep-perkeep:android_androidLookupHost164.pml,0,0,
purpleidea-mgmt:funcs_Init560.pml,0,0,
contribsys-faktory:main_run69.pml,0,0,
hashicorp-packer:ncloud_waiterServerInstanceStatus11.pml,0,0,
vitessio-vitess:wrangler_forAllSources1352.pml,0,0,
jpmorganchase-quorum:ethash_generateCache139.pml,0,0,
keybase-client:libkb_HandleChatAttachmentUploadProgress1405.pml,0,0,
purpleidea-mgmt:coresys_Init50.pml,0,0,
keybase-client:libkb_HandleChatIdentifyUpdate1027.pml,0,0,
chrislusf-gleam:driver_cleanup105.pml,0,0,
grammarly-rocker:build_PullImage135.pml,0,0,
alecthomas-gometalinter:ssa_Build2236.pml,0,0,
hyperledger-archives-fabric:crypto_newTCertPoolEntry37.pml,0,0,
pilosa-pilosa:pilosa_executeBulkSetRowAttrs2267.pml,0,0,
securitywithoutborders-hardentools:main_showErrorDialog239.pml,0,1,
docker-libnetwork:dbclient_doReady325.pml,0.6666666666666666,0,
rakyll-boom:boomer_runWorkers149.pml,0,0,
bradfitz-http2:http2_Init196.pml,0,0,
chrislusf-seaweedfs:storage_concurrentLoadingVolumes136.pml,0,0.4444444444444444,
juju-juju:rpc_mapConcurrent65.pml,0,0,
anacrolix-torrent:torrent_Init36.pml,0,0,
mattermost-mattermost-server:app_createDirectChannel363.pml,0,0,
containous-traefik:server_Stop94.pml,0,0,
ardanlabs-gotraining:freq_ConcurrentBoundedChannel92.pml,0,0,
linkedin-Burrow:evaluator_Configure81.pml,0,0,
hashicorp-nomad:logmon_Close119.pml,0,0,
keybase-client:libkbfs_StallBlockOp118.pml,0,0,
tendermint-tendermint:p2p_Connect2Switches92.pml,0,0,
elastic-beats:pipeline_Close199.pml,0,1,
ginuerzh-gost:gost_transportPacket336.pml,0,1,
linkedin-Burrow:storage_Configure82.pml,0,0,
thrasher--gocryptotrader:vm_Start41.pml,0,0,
wallix-awless:awsservices_Fetch1902.pml,0,0,
chrislusf-glow:flow_RunStep16.pml,0,0,
jwilder-dockerize:main_waitForDependencies83.pml,0,0,
codetainerapp-codetainer:com_FetchFiles159.pml,0,0,
hashicorp-packer:digitaloceanimport_waitUntilImageAvailable312.pml,0,0,
keybase-kbfs:libkbfs_MakeExtendedIdentify158.pml,0,0,
nanopack-yoke:state_call66.pml,0,0,
juju-juju:openstack_RemoveAll127.pml,0,0,
influxdata-telegraf:kibana_Gather142.pml,0,0,
vitessio-vitess:main_main67.pml,0,1,
nsqio-nsq:main_main27.pml,0,0,
dropbox-godropbox:cinterop_ProcessBufferedData55.pml,0,0.6666666666666666,
attic-labs-noms:types_Build111.pml,0,0,
golang-net:nettest_testConcurrentMethods349.pml,0,1,
alibaba-pouch:remotecommand_createStreams58.pml,0,1,
dgraph-io-dgraph:browser_appearsSuccessful57.pml,0,0,
wallix-awless:awsfetch_forEachBucketParallel18.pml,0,0,
lastbackend-lastbackend:stream_NewStream169.pml,0,0,
influxdata-telegraf:agent_testRunInputs378.pml,0,1,
fogleman-pt:pt_IterativeRender167.pml,0,0,
git-lfs-git-lfs:lfshttp_newSyncLogger100.pml,0,0,
convox-rack:local_checkKubectl285.pml,0,0,
Terry-Mao-goim:comet_NewChannel28.pml,0,0,
influxdata-telegraf:snmp_Gather331.pml,0,0,
tsuru-tsuru:container_Exec301.pml,0,1,
mattermost-mattermost-server:api4_InitLogin313.pml,0,0,
ReactiveX-RxGo:rxgo_Never288.pml,0,0,
jackc-pgx:pgx_run91.pml,0,0,
kubernetes-contrib:winio_prepareIo109.pml,0,0,
mattermost-mattermost-server:app_runPluginsHook24.pml,0,0,
jpmorganchase-quorum:rawdb_InitDatabaseFromFreezer36.pml,0,0.875,
anacrolix-torrent:main_doStreaming81.pml,0,0,
google-gops:goprocess_findAll41.pml,0,0,
influxdata-telegraf:zipkin_Start86.pml,0,0,
kubernetes-client-go:workqueue_ParallelizeUntil46.pml,0,0,
hyperledger-fabric:comm_send30.pml,0,1,
pilosa-pilosa:pilosa_CreateFragmentIfNotExists263.pml,0,0,
juju-juju:azure_StopInstances1211.pml,0,0,
nsqio-nsq:clusterinfo_GetNSQDProducers343.pml,0,0,
influxdata-kapacitor:scraper_Open65.pml,0,0,
lucas-clemente-quic-go:quic_preSetup480.pml,0,0,
ginuerzh-gost:gost_tunnelServerUDP1457.pml,0,0,
kubernetes-contrib:docker_tlsDialWithDialer34.pml,0,1,
convox-rack:start_handleAdds222.pml,0,1,
ncw-rclone:dlna_startSSDP298.pml,0,1,
wallix-awless:awsservices_Fetch1750.pml,0,0,
intelsdi-x-snap:scheduler_Spin239.pml,0,0,
fsouza-go-dockerclient:docker_tlsDialWithDialer34.pml,0,1,
golang-mobile:testpkg_GoroutineCallback300.pml,0,0,
google-syzkaller:isolated_Copy326.pml,0,0,
tendermint-tendermint:clist_SetPrev183.pml,0,1,
purpleidea-mgmt:lang_Init419.pml,0,0,
grafana-grafana:alerting_Init48.pml,0,0,
open-policy-agent-opa:server_Shutdown179.pml,0,0,
gruntwork-io-terratest:parser_SpawnParsers17.pml,0,0,
vitessio-vitess:vtworkerclienttest_commandErrorsBecauseBusy123.pml,0,1,
Qihoo360-poseidon:poseidon_FetchIndex152.pml,0,0.8,
gonum-gonum:fd_crossLaplacianConcurrent111.pml,0,0.5178571428571429,
influxdata-telegraf:smart_getAttributes501.pml,0,0,
perkeep-perkeep:indextest_checkEnumerate1344.pml,0,1,
influxdata-telegraf:haproxy_Gather74.pml,0,0,
coreos-etcd:main_randomBlackhole154.pml,0,0,
xtaci-gonet:stats_client_init31.pml,0,0,
Yelp-dockersh:main_proxyMain40.pml,0,1,
docker-swarm:swarm_waitSessionNode39.pml,0,0,
influxdata-telegraf:dcos_Gather123.pml,0,0,
keybase-client:libkb_HandleServiceShutdown1917.pml,0,0,
dgraph-io-dgraph:worker_ProcessBackupRequest96.pml,0,0.2222222222222222,
NebulousLabs-Sia:contractmanager_AddSectorBatch404.pml,0,0.2222222222222222,
hellofresh-janus:github_GetClaims44.pml,0,0,
juju-juju:commands_fetchStreamsVersions154.pml,0,0,
jpmorganchase-quorum:whisperv6_handshake79.pml,0,0,
containerd-containerd:remotecommand_createStreams121.pml,0,1,
fabiolb-fabio:proxy_Close25.pml,0,0,
Azure-brigade:apicache_New57.pml,0,0,
pingcap-tidb:tikv_NewRegionCache291.pml,0,0,
keybase-client:libkb_HandleUserBlocked2248.pml,0,0,
keybase-client:dokan_Mount20.pml,0,0,
syncthing-syncthing:model_startWatch854.pml,0,0,
hashicorp-consul-template:template_plugin1000.pml,0,0,
mmatczuk-go-http-tunnel:tunnel_proxyConn642.pml,0,0,
sourcegraph-srclib:cli_Execute60.pml,0,0.8888888888888888,
prometheus-prometheus:scrape_reload176.pml,0,0,
dropbox-godropbox:memcache_mutateMulti236.pml,0,0,
chain-chain:generator_getAndAddBlockSignatures101.pml,0,0,
moby-moby:remote_Exec272.pml,0,0,
xenolf-lego:http01_Present36.pml,0,0,
influxdata-telegraf:openweathermap_Gather84.pml,0,0,
schachmat-wego:backends_Fetch222.pml,0,1,
hashicorp-raft:raft_init93.pml,0,0,
thrasher--gocryptotrader:engine_GetOrderbook403.pml,0,0,
containous-traefik:server_preLoadConfiguration154.pml,0,1,
go-pg-pg:orm_SelectAndCount876.pml,0,0,
linkedin-Burrow:storage_Configure117.pml,0,0,
open-falcon-falcon-plus:api_init47.pml,0,0,
mehrdadrad-mylg:icmp_lookupAddr731.pml,0,0,
hyperledger-fabric:kafka_startThread290.pml,0,0,
mattermost-mattermost-server:app_generateMiniPreviewForInfos1147.pml,0,0,
keybase-client:chat_CryptKeys181.pml,0,0,
micro-go-micro:pprof_Start45.pml,0,0,
keybase-client:libkb_HandleChatAttachmentUploadStart1374.pml,0,0,
jpmorganchase-quorum:gasprice_SuggestPrice77.pml,0,0.9583333333333334,
getgauge-gauge:runner_StartGrpcRunner302.pml,0,1,
influxdata-kapacitor:reporting_Open44.pml,0,0,
mozilla-services-heka:udp_Init64.pml,0,0,
hyperledger-archives-fabric:shim_newChaincodeHandler143.pml,0,0,
influxdata-telegraf:bind_Gather51.pml,0,0,
hashicorp-vault:vault_unsealInternal1451.pml,0,0,
PuerkitoBio-gocrawl:gocrawl_init78.pml,0,0,
prometheus-alertmanager:mem_Subscribe101.pml,0,0.5,
360EntSecGroup-Skylar-goreporter:pkg_fn3.pml,0,0,
mattermost-mattermost-server:app_MentionsToPublicChannels293.pml,0,0,
Workiva-go-datastructures:btree_add45.pml,0,0,
nuclio-nuclio:shell_NewRuntime50.pml,0,0,
pilu-fresh:runner_init83.pml,0,0,
mozilla-services-heka:process_NewManagedCmd46.pml,0,0,
docker-docker-ce:remote_Start157.pml,0,0,
keybase-client:libkb_HandleChatInboxSynced1173.pml,0,0,
hashicorp-vault:raft_TeardownCluster783.pml,0,0,
hashicorp-packer:digitalocean_waitForDropletState63.pml,0,0,
micro-micro:stats_Start142.pml,0,0,
NebulousLabs-Sia:contractmanager_commit155.pml,0,0,
smallnest-rpcx:client_NewMDNSDiscovery40.pml,0,0,
zalando-skipper:swarm_NewClientKubernetes96.pml,0,0,
mattermost-mattermost-server:app_GetAnalytics19.pml,0,0,
getgauge-gauge:plugin_startGRPCPlugin229.pml,0,0,
xtaci-gonet:timer_init24.pml,0,0,
henrylee2cn-faygo:faygo_shutdown289.pml,0,0,
docker-docker-ce:archive_cmdStream1223.pml,0,0,
dgraph-io-badger:y_Init70.pml,0,0,
google-mtail:waker_broadcastWakeAndReset103.pml,0,0,
juju-juju:azure_foreachVolume512.pml,0,0,
metrue-fx:api_Down10.pml,0,0,
gravitational-teleport:auth_Serve204.pml,0,1,
42wim-matterbridge:bmumble_New41.pml,0,0,
fireworq-fireworq:jqtest_subtestAsyncDelete1555.pml,0,0,
go-gitea-gitea:queue_FlushWithContext194.pml,0,0,
juju-juju:presence_NewWorker47.pml,0,0,
moby-moby:daemon_ReloadConfig645.pml,0,0,
keybase-client:libkbfs_setHeadLocked1926.pml,0,0,
ardanlabs-gotraining:freq_ConcurrentUnlimited23.pml,0,0,
convox-rack:helpers_Pipe13.pml,0,1,
hashicorp-consul:token_Notify91.pml,0,0,
yunabe-lgo:gojupyterscaffold_Loop177.pml,0,0,
sjwhitworth-golearn:meta_Fit83.pml,0,0,
docker-machine:azureutil_waitVMPowerState706.pml,1,0,
hybridgroup-gobot:ble_Connect76.pml,0,1,
yudai-gotty:localcommand_New31.pml,0,0,
micro-micro:client_Build24.pml,0,1,
keybase-client:libkb_HandleChatKBFSToImpteamUpgrade1344.pml,0,0,
AsynkronIT-protoactor-go:remote_Shutdown79.pml,0,0,
gocircuit-circuit:limiter_Init30.pml,0,0,
go-qml-qml:qml_Run48.pml,0,0,
kubernetes-kops:vfs_bruteforceBucketLocation283.pml,0,0,
CodisLabs-codis:topom_New82.pml,0,0,
grpc-grpc-go:grpc_serveStreams857.pml,0,0,
juju-juju:azure_Bootstrap254.pml,0,0,
hashicorp-envconsul:main_init575.pml,0,0,
vektah-gqlgen:testserver_New16.pml,0,0,
kubernetes-contrib:prometheus_writePB392.pml,0,1,
kubernetes-kops:instancegroups_rollingUpdateInstanceGroup76.pml,0,0,
google-go-cloud:azuresb_updateMessageDispositions531.pml,0,0,
influxdata-telegraf:apache_Gather59.pml,0,0,
nanomsg-mangos:xreq_init61.pml,0,0,
kubernetes-kubernetes:libdocker_holdHijackedConnection580.pml,0,1,
gravitational-teleport:client_getServerVersion2451.pml,0,1,
nlf-dlite:main_proxy26.pml,0,0,
hyperledger-archives-fabric:chaincode_newChaincodeSupportHandler376.pml,0,0,
keybase-client:kbtest_ProvisionNewDeviceKex253.pml,0,0,
disintegration-imaging:imaging_Decode54.pml,0,0,
flynn-flynn:testutil_LogOutput149.pml,0,0,
vitessio-vitess:mergesharding_TestMergesharding106.pml,0,0,
containerd-containerd:portforward_handleHTTPStreams52.pml,0,0,
mmatczuk-go-http-tunnel:tunnel_Proxy58.pml,0,0,
gopherdata-gophernotes:main_handleExecuteRequest367.pml,0,0,
gdamore-tcell:tcell_Init123.pml,0,0,
google-trillian:server_getLeavesByRevision193.pml,0,0,
mattermost-mattermost-server:app_GetFileInfosForPostWithMigration1240.pml,0,0,
mozilla-services-heka:docker_Init62.pml,0,0,
btcsuite-btcd:cpuminer_Start434.pml,0,0,
influxdata-telegraf:jolokia2_Gather59.pml,0,0,
influxdata-telegraf:udp_listener_Start95.pml,0,0,
wallix-awless:awsservices_Fetch2315.pml,0,0,
gocircuit-circuit:sync_Lock28.pml,0,1,
nats-io-nats-streaming-server:server_createRaftNode293.pml,0,0,
buger-goreplay:capture_NewListener99.pml,0,0,
lightningnetwork-lnd:htlcswitch_stop1307.pml,0,0,
sourcegraph-webloop:webloop_Open62.pml,0,0,
goraft-raft:raft_Start437.pml,0,0,
keybase-kbfs:libkbfs_signalChangeLocked110.pml,0,0,
juju-juju:vsphere_StopInstances316.pml,0,0,
TykTechnologies-tyk:gateway_MakeRequests114.pml,0,0.75,
anacrolix-torrent:torrent_dialFirst560.pml,0,1,
git-lfs-git-lfs:lfs_revListIndex112.pml,0,1,
go-pg-pg:pg_init54.pml,0,0,
keybase-client:libkb_HandleFSEditListResponse744.pml,0,0,
purpleidea-mgmt:graph_Resume367.pml,0,0,
elastic-beats:thrift_init203.pml,0,0,
mozilla-services-heka:plugins_Init60.pml,0,0,
v2ray-v2ray-core:kcp_fetchInput23.pml,0,0,
go-redis-redis:redis_ForEachShard515.pml,0,0,
kubernetes-kubernetes:netpol_ProbePodToPodConnectivity44.pml,0,0.8055555555555556,
google-seesaw:healthcheck_execute360.pml,0,0,
golang-tools:browser_appearsSuccessful55.pml,0,0,
convox-rack:aws_IndexDownload51.pml,0,0.8333333333333334,
git-lfs-git-lfs:tq_shutdownWorkerProcess215.pml,0,1,
tendermint-tendermint:conn_OnStart220.pml,0,0,
kubernetes-contrib:ctxhttp_canceler11.pml,0,0,
hashicorp-packer:digitalocean_Run16.pml,0,0,
mattermost-mattermost-server:app_AddUserToTeamByToken543.pml,0,0,
purpleidea-mgmt:funcs_Init53.pml,0,0,
kubernetes-contrib:portforward_handleConnection244.pml,0,0,
matthewmueller-joy:main_main3.pml,0,0,
purpleidea-mgmt:coresys_Init46.pml,0,0,
hashicorp-packer:googlecompute_CreateOrResetWindowsPassword268.pml,0,0,
FiloSottile-Heartbleed:tls_DialWithDialer93.pml,0,1,
alexei-led-pumba:netem_Run141.pml,0,0,
GoogleCloudPlatform-google-cloud-go:main_main76.pml,0,0,
btcsuite-btcd:peer_start2130.pml,0,0,
hashicorp-consul:consul_keyringRPCs702.pml,0,0,
hashicorp-vault:vault_loadEntities181.pml,0,0.6666666666666666,
jpmorganchase-quorum:eth_traceBlock458.pml,0,0,
elastic-beats:consumergroup_fetchGroupInfo35.pml,0,0,
fireworq-fireworq:jqtest_subtestAsyncPop1532.pml,0,0,
alibaba-pouch:build_Build18.pml,0,0,
pachyderm-pachyderm:fileset_NewIterator105.pml,0,0,
micro-micro:mucp_Connect1636.pml,0,0,
google-syzkaller:backend_makeELF25.pml,0,0,
improbable-eng-thanos:block_Filter570.pml,0,0,
wallix-awless:awsservices_Fetch376.pml,0,0,
influxdata-telegraf:jenkins_gatherJobs277.pml,0,0,
docker-libnetwork:dbclient_doLeaveNetwork401.pml,0.6666666666666666,0,
pilosa-pilosa:boltdb_notifyWrite304.pml,0,0,
gocircuit-circuit:sched_Init28.pml,0,0,
gocql-gocql:gocql_init181.pml,0,0,
docker-docker-ce:archive_CopyFileWithTar1134.pml,0,0,
influxdata-telegraf:jti_openconfig_telemetry_Start352.pml,0,0,
hashicorp-packer:digitalocean_WaitForImageState163.pml,0,0,
keybase-kbfs:libkbfs_PushConnectionStatusChange49.pml,0,0,
keybase-client:libkb_HandleNewTeambotEK2364.pml,0,0,
soundcloud-roshi:cluster_Insert152.pml,0,0,
src-d-go-git:packfile_ObjectsToPack36.pml,0,0,
alibaba-pouch:supervisord_runContainerd213.pml,0,0,
hyperledger-fabric:blockledger_init18.pml,0,0,
name5566-leaf:chanrpc_NewServer51.pml,0,0,
go-redis-redis:redis_ForEachMaster840.pml,0,0,
anacrolix-torrent:sqliteStorage_NewProvider257.pml,0,0,
micro-go-micro:tunnel_setupLinks943.pml,0,0,
hyperledger-archives-fabric:peer_Broadcast426.pml,0,0,
gorgonia-gorgonia:xvm_runAllNodes147.pml,0.6666666666666666,0.3333333333333333,
hyperledger-fabric:fileledger_Append112.pml,0,0,
sourcegraph-webloop:webloop_EvaluateJavaScript112.pml,0,1,
google-syzkaller:symbolizer_symbolize103.pml,0,0,
google-mtail:mtail_Start75.pml,0,0,
influxdata-telegraf:vsphere_Collect829.pml,0,0,
keybase-kbfs:libkbfs_parseTlfHandleLoose704.pml,0,0,
onsi-ginkgo:testrunner_runAndStreamParallelGinkgoSuite259.pml,0,0.6666666666666666,
intelsdi-x-snap:control_LoadPlugin356.pml,0,1,
hyperledger-fabric:cluster_createShutdownSignalIfNeeded217.pml,0,0,
fogleman-pt:pt_run48.pml,0,0.8888888888888888,
twitchyliquid64-subnet:main_main17.pml,0,0,
ChimeraCoder-anaconda:anaconda_NewTwitterApi107.pml,0,0,
dropbox-godropbox:sync2_TryAcquire128.pml,0,0,
vitessio-vitess:wrangler_validateNewWorkflow96.pml,0,0,
purpleidea-mgmt:empty_Init65.pml,0,0,
moby-moby:plugins_GetAll296.pml,0,0,
go-gitea-gitea:git_GetCommitFileStatus494.pml,0,1,
pingcap-tidb:tikv_sendBatchReq397.pml,0,0,
gliderlabs-logspout:multiline_NewMultilineAdapter45.pml,0,0,
malfunkt-hyperfox:main_main62.pml,0,1,
rancher-os:cloudinitsave_selectDatasource313.pml,0,0.6666666666666666,
getgauge-gauge:conn_acceptConnectionWithoutTimeout68.pml,0,1,
hyperledger-archives-fabric:consumer_register51.pml,0,0,
open-policy-agent-opa:wasm_NewPool36.pml,0,0.25,
docker-libnetwork:dbclient_doNetworkStatsQueue448.pml,0.6666666666666666,0,
hashicorp-nomad:agent_snapshotSaveRequest304.pml,0,0,
astaxie-beego:web_Run83.pml,0,1,
mattes-migrate:migrate_Migrate209.pml,0,1,
jackc-pgx:pgx_connect174.pml,0,0,
virtual-kubelet-virtual-kubelet:e2e_TestPodLifecycleGracefulDelete118.pml,0,0,
mperham-inspeqtor:util_SafeRun28.pml,0,0,
ginuerzh-gost:gost_transport105.pml,0,0,
hyperledger-fabric:kafka_newChain42.pml,0,0,
openshift-origin:util_WaitForAnImageStreamTag1072.pml,0,1,
open-falcon-falcon-plus:backend_pool_Call70.pml,0,0,
hashicorp-nomad:agent_snapshotRestoreRequest379.pml,0,0,
lastbackend-lastbackend:job_NewJobState358.pml,0,0,
mattermost-mattermost-server:app_prepareInviteNewUsersToTeam1361.pml,0,0,
kubeless-kubeless:function_doTop76.pml,0,0,
nsqio-nsq:clusterinfo_GetNSQDTopics292.pml,0,0,
gravitational-teleport:suite_SemaphoreConcurrency1255.pml,0,1,
dropbox-godropbox:cinterop_ProcessBatchedData103.pml,0,1,
surgemq-surgemq:main_WebsocketTcpProxy82.pml,0,1,
juju-juju:oci_terminateInstances695.pml,0,0,
weaveworks-weave:proxy_Serve285.pml,0,0,
influxdata-telegraf:nginx_plus_api_Gather72.pml,0,0,
cihub-seelog:seelog_getOpenFilesByDirectoryAsync232.pml,0,0,
virtual-kubelet-virtual-kubelet:lock_Set49.pml,0,0,
securitywithoutborders-hardentools:main_showInfoDialog251.pml,0,1,
jpmorganchase-quorum:adapters_Stop274.pml,0,1,
docker-libnetwork:libnetwork_startWatch439.pml,0,0,
docker-docker-ce:daemon_ReloadConfig645.pml,0,0,
vitessio-vitess:raft_init59.pml,0,0,
gohugoio-hugo:hugolib_renderPages60.pml,0,0,
mehrdadrad-mylg:ripe_GetData138.pml,0,0,
gocircuit-circuit:pubsub_New37.pml,0,1,
lightningnetwork-lnd:peer_Start446.pml,0,0,
alexei-led-pumba:netem_Run139.pml,0,0,
Workiva-go-datastructures:hilbert_fetchKeysInParallel193.pml,0,0,
miekg-dns:dns_serveTCP430.pml,0,0,
docker-docker-ce:plugins_GetAll296.pml,0,0,
jetstack-cert-manager:test_Init98.pml,0,0,
google-novm:machine_NewVirtioChannel692.pml,0,0,
vitessio-vitess:wrangler_forAllTargets1112.pml,0,0,
elastic-beats:application_newFleetGatewayWithScheduler108.pml,0,0,
docker-swarm:api_ListenAndServe79.pml,0,0,
ncw-rclone:box_uploadMultipart176.pml,0,0,
AsynkronIT-protoactor-go:cluster_handleClusterTopology137.pml,0,0,
name5566-leaf:chanrpc_NewClient186.pml,0,0,
minio-minio:cmd_init41.pml,0,0,
cloudfoundry-cli:io_CaptureOutput25.pml,0,1,
smallnest-rpcx:client_NewZookeeperDiscoveryWithStore56.pml,0,0,
lxc-lxd:rsync_sendSetup83.pml,0,0,
juju-juju:openstack_foreachVolume427.pml,0,0,
nanomsg-mangos:rep_init74.pml,0,0,
wallix-awless:awsservices_Fetch2033.pml,0,0,
peco-peco:peco_selectOneAndExitIfPossible300.pml,0,1,
zyedidia-micro:shell_init24.pml,0,0,
nats-io-nats-streaming-server:server_isValidWithTimeout144.pml,0,0,
mozilla-mig:example_Run92.pml,0,1,
ncw-rclone:httplib_Serve320.pml,0,0,
google-gxui:gl_CallSync124.pml,0,1,
docker-docker-ce:archive_collectFileInfoForChanges15.pml,0,0,
purpleidea-mgmt:graph_Init115.pml,0,0,
hashicorp-packer:digitalocean_waitForDropletUnlocked14.pml,0,0,
centrifugal-centrifugo:api_Broadcast83.pml,0,0,
kubernetes-kubernetes:services_start101.pml,0,1,
lxc-lxd:qmp_Connect37.pml,0,0,
getgauge-gauge:runner_executeMessage177.pml,0,0,
keybase-client:libkb_NewBgTickerWithWait26.pml,0,0,
influxdata-telegraf:logparser_Start155.pml,0,0,
gonum-gonum:fd_hessianConcurrent113.pml,0,0,
purpleidea-mgmt:funcs_Init243.pml,0,0,
juju-juju:pubsub_connect216.pml,0,0,
tendermint-tendermint:clist_Remove358.pml,0,0,
fatedier-frp:group_Listen95.pml,0,0,
nats-io-go-nats:bench_NewBenchmark58.pml,0,0,
keybase-client:libkbfs_PushConnectionStatusChange49.pml,0,0,
github-git-sizer:sizes_ScanRepositoryUsingGraph16.pml,0,0,
nanomsg-mangos:respondent_init79.pml,0,0,
ory-hydra:server_RunServeAdmin90.pml,0,0,
keybase-client:libkbfs_doChunkedGetNonLiveBlocks1353.pml,0,1,
influxdata-telegraf:burrow_Gather144.pml,0,0,
influxdata-kapacitor:smtp_Open43.pml,0,0,
letsencrypt-boulder:ctpolicy_GetSCTs142.pml,0,0.3333333333333333,
hashicorp-packer:ncloud_waiterAssociatePublicIPToServerInstance38.pml,0,0,
chain-chain:core_submit301.pml,0,0,
keybase-client:libkb_HandleChatInboxStale1117.pml,0,0,
whyrusleeping-gx:gxutil_fetchDependencies858.pml,0,1,
keybase-client:chat_Start143.pml,0,0,
vitessio-vitess:wrangler_selectTablets504.pml,0,0,
keybase-client:service_Run46.pml,0,0,
improbable-eng-thanos:objstore_EmptyBucket34.pml,0,0,
purpleidea-mgmt:corefmt_Init188.pml,0,0,
vitessio-vitess:binlogplayer_ExpectRequest53.pml,0,0,
shiyanhui-hero:hero_Generate200.pml,0,0,
fogleman-nes:ui_NewAudio12.pml,0,0,
keybase-client:libkb_HandleChatResetConversation1314.pml,0,0,
mozilla-services-heka:process_NewCommandChain149.pml,0,0,
keybase-client:libkb_HandleNewTeamEK2331.pml,0,0,
influxdata-telegraf:couchbase_Gather41.pml,0,0,
mailgun-godebug:liner_restartPrompt91.pml,0,1,
moby-moby:service_list375.pml,0,0,
kubernetes-kubernetes:pod_podsRunning278.pml,0,0,
rkt-rkt:tar_ExtractTar105.pml,0,0,
purpleidea-mgmt:coredatetime_Init51.pml,0,0,
gomatcha-matcha:cmd_Bind64.pml,0,0.6666666666666666,
hashicorp-packer:plugin_CleanupClients76.pml,0,0,
rlmcpherson-s3gof3r:s3gof3r_newGetter55.pml,0,0,
lightningnetwork-lnd:wtclient_ApplyAndWait656.pml,0,0,
wallix-awless:awsservices_Fetch1417.pml,0,0,
syncthing-syncthing:syncthing_Start103.pml,0,0,
github-orchestrator:inst_StopReplicas358.pml,0,0,
wallix-awless:awsservices_GetUserPolicies118.pml,0,1,
nats-io-nats-streaming-server:server_startIOLoop4186.pml,0,0,
gruntwork-io-terratest:retry_DoInBackgroundUntilStopped165.pml,0,0,
chrislusf-seaweedfs:sub_initialize40.pml,0,0,
prometheus-prometheus:azure_refresh256.pml,0,0,
tendermint-tendermint:trust_NewTestTicker26.pml,0,0,
convox-rack:router_Serve98.pml,0,1,
siddontang-go-mysql:replication_newBinlogStreamer86.pml,0,0,
getgauge-gauge:plugin_killGrpcProcess65.pml,0,0,
purpleidea-mgmt:coredeploy_Init79.pml,0,0,
hashicorp-packer:googlecompute_DeleteDisk173.pml,0,0,
jpmorganchase-quorum:discover_sendPing359.pml,0,0,
hpcloud-tail:watch_addWatch134.pml,0,0,
kubernetes-contrib:client_tlsDialWithDialer87.pml,0,1,
nats-io-gnatsd:server_setupSendCapabilities1350.pml,0,0,
thrasher--gocryptotrader:engine_Start33.pml,0,0,
sourcegraph-webloop:webloop_NewView23.pml,0,1,
influxdata-telegraf:nginx_Gather52.pml,0,0,
chrislusf-glow:driver_OnExit28.pml,0,0,
letsencrypt-boulder:va_PerformValidation598.pml,0,1,
juju-juju:rpc_Start188.pml,0,0,
ericfreese-rat:rat_Init27.pml,0,0,
docker-docker-ce:commandconn_killAndWait94.pml,0,0,
gocircuit-circuit:tube_scrubSync177.pml,0,0,
hashicorp-nomad:nomad_Flush678.pml,0,0,
aktau-github-release:github_getPaginated205.pml,0,0,
moby-moby:archive_collectFileInfoForChanges15.pml,0,0,
42wim-matterbridge:birc_New38.pml,0,0,
jaegertracing-jaeger:queue_NewBoundedQueue52.pml,0,0,
Ullaakut-cameradar:cameradar_AttackRoute104.pml,0,0,
grammarly-rocker:tests_runTimeout221.pml,0,1,
grpc-grpc-go:grpc_updatePicker47.pml,0,0,
davyxu-cellnet:rpc_CallSync8.pml,0,0,
chrislusf-seaweedfs:glog_timeoutFlush744.pml,0,0,
grammarly-rocker:main_main12.pml,0,1,
dgraph-io-dgraph:zero_Init58.pml,0,0,
keybase-client:libkbfs_PushStatusChange75.pml,0,0,
joyent-containerpilot:watches_NewWatch29.pml,0,0,
fatedier-frp:sub_init79.pml,0,0,
yahoo-gryffin:distance_Fingerprint18.pml,0,0,
keybase-client:client_Run67.pml,0,0,
gocircuit-circuit:dns_parseKey166.pml,0,0,
coreos-fleet:server_Run205.pml,0,0,
istio-istio:snapshotter_Distribute106.pml,0,0,
mozilla-services-heka:irc_Init99.pml,0,0,
c-bata-go-prompt:main_main13.pml,0,1,
linuxkit-linuxkit:main_BootInstanceAndWait197.pml,0,0,
ravenac95-sudolikeaboss:main_runSudolikeaboss73.pml,1,0,
keybase-client:chat_PublicCanonicalTLFNameAndID249.pml,0,0,
kahing-goofys:internal_LookUpInodeMaybeDir1325.pml,0,0.6666666666666666,
hashicorp-packer:ncloud_waitPublicIPInstanceStatus133.pml,0,0,
influxdata-telegraf:jenkins_initialize146.pml,0,0,
GoogleContainerTools-skaffold:status_statusCheck104.pml,0,0,
mattermost-mattermost-server:app_CreatePost158.pml,0,1,
minio-minio:cmd_getOnlineDisksSortedByUsedInodes61.pml,0,0,
github-orchestrator:inst_MoveUpReplicas368.pml,0,0,
vuvuzela-vuvuzela:mixnet_addOnions851.pml,0,0,
influxdata-kapacitor:stats_Open76.pml,0,0,
davyxu-cellnet:proc_WaitMessage29.pml,0,1,
securitywithoutborders-hardentools:main_askElevationDialog279.pml,0,1,
letsencrypt-boulder:ra_recheckCAA814.pml,0,0,
mozilla-services-heka:http_Init210.pml,0,0,
aelsabbahy-goss:system_runCommand85.pml,0,0,
rexray-rexray:services_newTask30.pml,0,0,
kubicorn-kubicorn:s3_List172.pml,0,0,
google-keytransparency:client_BatchVerifyGetUserIndex29.pml,0,0.5833333333333334,
purpleidea-mgmt:simple_Init103.pml,0,0,
wallix-awless:awsservices_Fetch1575.pml,0,0,
minio-minio:cmd_deleteAll1082.pml,0,0,
nanomsg-mangos:xpair_init60.pml,0,0,
influxdata-telegraf:couchdb_Gather107.pml,0,0,
influxdata-telegraf:mongodb_Gather80.pml,0,0,
oxequa-realize:realize_Add132.pml,0,0,
mozilla-services-heka:logstreamer_Init100.pml,0,0,
mperham-inspeqtor:jobs_init38.pml,0,0,
jpmorganchase-quorum:testing_trigger81.pml,0,1,
prometheus-prometheus:notifier_sendAll451.pml,0,0,
Workiva-go-datastructures:palm_fetchKeysInParallel276.pml,0,0,
go-ego-riot:riot_Init277.pml,0,0,
improbable-eng-thanos:query_getActiveStores398.pml,0,0,
juju-juju:ec2_foreachVolume496.pml,0,0,
hashicorp-nomad:client_setServersImpl997.pml,0,0,
nats-io-nats-streaming-server:server_ftSetup187.pml,0,0,
open-falcon-falcon-plus:graph_LastRaw315.pml,0,0,
docker-docker-ce:service_list375.pml,0,0,
mozilla-mig:examplepersist_RunPersist168.pml,0,1,
blevesearch-bleve:gtreap_restart65.pml,0,0,
tobyhede-go-underscore:un_refPEach136.pml,0,0,
micro-go-micro:runtime_Start619.pml,0,0,
monochromegane-the_platinum_searcher:the_platinum_searcher_start13.pml,0,1,
cloudflare-cfssl:testsuite_StartCFSSLServer42.pml,0,1,
linkerd-linkerd2:cmd_getMetrics91.pml,0,0.8888888888888888,
keybase-client:libkb_HandleChatPaymentInfo2595.pml,0,0,
nanomsg-mangos:xpush_init60.pml,0,0,
vektah-gqlgen:graphql_Dispatch30.pml,0,0,
gorgonia-gorgonia:xvm_newOp105.pml,0,0,
moby-moby:supervisor_startContainerd171.pml,0,0,
lastbackend-lastbackend:runtime_New49.pml,0,0,
leveros-leveros:apiserver_ServeHTTP84.pml,0,1,
pilosa-pilosa:pilosa_executeSetColumnAttrs2363.pml,0,0,
Azure-acs-engine:operations_evictPods166.pml,0,0.3333333333333333,
rancher-rancher:cmd_runRPCDriver13.pml,0,1,
open-falcon-falcon-plus:plugins_NewPluginScheduler39.pml,0,0,
zenazn-goji:graceful_closeListeners202.pml,0,0,
hpcloud-tail:main_main31.pml,0,0.75,
vuvuzela-vuvuzela:coordinator_Run71.pml,0,0,
koding-kite:sockjsclient_readFrame377.pml,0,0,
keybase-kbfs:libfs_Unlock183.pml,0,0,
improbable-eng-thanos:alert_Send333.pml,0,0,
go-pg-pg:orm_SelectAndCountEstimate920.pml,0,0,
weaveworks-weave:ipam_Prime283.pml,0,1,
dgraph-io-badger:badger_init540.pml,0,0,
dgraph-io-dgraph:worker_ExportOverNetwork848.pml,0,0,
hashicorp-packer:googlecompute_DeleteInstance159.pml,0,0,
tenta-browser-tenta-dns:responder_doQueryParallelHarness313.pml,0,1,
juju-juju:cmdtest_RunCommandWithDummyProvider15.pml,0,0,
afex-hystrix-go:hystrix_newExecutorPool10.pml,0,0,
thrasher--gocryptotrader:dispatch_start80.pml,0,0,
keybase-client:chat_retry203.pml,0,0,
upspin-upspin:upbox_Stop658.pml,0,0,
keybase-client:chat_UnboxMessages1391.pml,0,0,
jroimartin-gocui:gocui_NewGui72.pml,0,0,
aws-aws-sdk-go:s3manager_upload564.pml,0,1,
attic-labs-noms:csv_WriteMap90.pml,0,0,
oxequa-realize:main_main19.pml,0,0,
keybase-client:chat_Identify165.pml,0,0,
docker-docker-ce:buildkit_Build203.pml,0,0,
purpleidea-mgmt:coreos_Init79.pml,0,0,
blevesearch-bleve:bleve_MultiSearch458.pml,0,0.6666666666666666,
lxc-lxd:drivers_sendVolume1104.pml,0,0,
kryptco-kr:socket_DaemonDialWithTimeout153.pml,0,0,
name5566-leaf:g_New29.pml,0,0,
gorgonia-gorgonia:cuda_doInit112.pml,0,0,
elastic-beats:stress_generate59.pml,0,1,
kubernetes-kubernetes:network_runServiceLatencies134.pml,0,0.2222222222222222,
getgauge-gauge:api_performRefactoring183.pml,0,1,
git-lfs-git-lfs:tq_Begin77.pml,0,0,
dropbox-godropbox:memcache_getMulti132.pml,0,0,
tenta-browser-tenta-dns:blacklist_Check69.pml,0,1,
stripe-veneur:trace_newFlushNofifier303.pml,0,0,
influxdata-telegraf:rethinkdb_Gather47.pml,0,0,
kubernetes-kubernetes:core_prioritizeNodes342.pml,0,0,
minio-minio:cmd_getOnlineDisks100.pml,0,0,
kubernetes-kubernetes:services_Start48.pml,0,1,
vitessio-vitess:vtadmin_GetKeyspaces160.pml,0,0,
boltdb-bolt:bolt_Batch660.pml,0,1,
vektah-gqlgen:testserver_NewError95.pml,0,0,
sourcegraph-checkup:checkup_Check51.pml,0,0.3333333333333333,
hajimehoshi-ebiten:metal_Sync863.pml,0,0,
tsuru-tsuru:app_Units1901.pml,0,0,
alexei-led-pumba:netem_Run135.pml,0,0,
henrylee2cn-faygo:faygo_shutdown173.pml,0,0,
alibaba-pouch:containerio_Wait132.pml,0,0,
jpmorganchase-quorum:downloader_spawnSync543.pml,0,0,
openshift-origin:networking_parallelTest162.pml,0.4444444444444444,0.2222222222222222,
minio-minio:cmd_CrawlAndGetDataUsage176.pml,0,0,
flynn-flynn:httpclient_ResumingStream88.pml,0,1,
juju-juju:observer_mapConcurrent106.pml,0,0,
hashicorp-nomad:allocrunner_newAllocHealthWatcherHook70.pml,0,0,
gravitational-teleport:auth_Shutdown187.pml,0,1,
codetainerapp-codetainer:com_FetchFilesCurl181.pml,0,0,
influxdata-telegraf:disque_Gather67.pml,0,0,
kubernetes-kops:fi_forkJoin166.pml,0,0,
elves-elvish:highlight_highlight30.pml,0,0,
Workiva-go-datastructures:link_multithreadedInsert79.pml,0,0,
gorgonia-gorgonia:gorgonia_init21.pml,0,0,
jaegertracing-jaeger:adaptive_Start165.pml,0,0,
nanomsg-mangos:xrespondent_init64.pml,0,0,
weaveworks-weave:plugin_run62.pml,0,1,
Masterminds-glide:repo_SetReference14.pml,0,0.2962962962962963,
convox-rack:kaws_checkKubectl381.pml,0,0,
keybase-client:tlfupgrade_runAll69.pml,0,0,
francoispqt-gojay:gojay_BorrowEncoder21.pml,0,0,
snapcore-snapd:udevmonitor_New65.pml,0,0,
caffix-amass:resolvers_fetchWildcardType114.pml,0,1,
google-syzkaller:instance_Test207.pml,0,0.6666666666666666,
influxdata-telegraf:solr_gatherServerMetrics164.pml,0,0,
wallix-awless:main_loadAllRefs127.pml,0,0,
perkeep-perkeep:gce_enableAPIs332.pml,0,0,
NebulousLabs-Sia:siatest_Close544.pml,0,0,
mattermost-mattermost-server:commands_RunCommandWithOutput205.pml,0,0,
influxdata-telegraf:kapacitor_Gather52.pml,0,0,
kubernetes-kubernetes:pod_checkPodsCondition503.pml,0,0,
rook-rook:cleanup_sanitizeLVMDisk96.pml,0,0,
stripe-veneur:veneur_gRPCStop468.pml,0,0,
puma-puma-dev:devtest_WithStdoutCaptured90.pml,0,0,
nats-io-gnatsd:server_queueOutbound1835.pml,0,0,
vitessio-vitess:wrangler_exec198.pml,0,0,
kubernetes-kubernetes:userspace_ProxyTCP154.pml,0,0,
HouzuoGuo-tiedot:benchmark_average18.pml,0,0,
perkeep-perkeep:search_initDescribeRequest513.pml,0,0,
wallix-awless:awsconv_NewResource183.pml,0,0.6666666666666666,
keybase-client:libkb_HandleTeamAbandoned2277.pml,0,0,
influxdata-telegraf:raindrops_Gather36.pml,0,0,
jpmorganchase-quorum:p2p_doProtoHandshake124.pml,0,0,
vitessio-vitess:logutil_NewChannelLogger218.pml,0,0,
go-swagger-go-swagger:commands_Execute34.pml,0,1,
github-orchestrator:inst_ReadTopologyInstanceBufferable307.pml,0,0,
keybase-client:chat_clearQueue327.pml,0,0,
hashicorp-nomad:allocrunner_newTaskHookCoordinator36.pml,0,0,
lightningnetwork-lnd:htlcswitch_stop870.pml,0,0,
google-novm:control_NewControl211.pml,0,0,
micro-go-micro:tunnel_manageLinks282.pml,0,0,
virtual-kubelet-virtual-kubelet:node_Run252.pml,0,0,
rancher-convoy:util_Execute323.pml,0,1,
docker-machine:commandstest_NewStdoutGetter28.pml,0,1,
hyperledger-fabric:privdata_disseminate389.pml,0,0,
keybase-client:maps_updateMapUnfurl170.pml,0,0,
weaveworks-scope:appclient_Set62.pml,0,0,
chrislusf-glow:flow_runFlowContextInStandAloneMode68.pml,0,0,
vitessio-vitess:wrangler_syncSourceStreams298.pml,0,0,
influxdata-telegraf:cloud_pubsub_push_Start133.pml,0,0,
keybase-client:libkb_notifyChatCommon1634.pml,0,0,
lxc-lxd:drivers_sendSubvolume233.pml,0,0,
mattermost-mattermost-server:app_HandleIncomingWebhook644.pml,0,0,
mattbaird-elastigo:elastigo_NewBulkIndexerErrors123.pml,0,0,
alibaba-pouch:ctrd_PushImage190.pml,0,0,
grafana-grafana:backendplugin_stop151.pml,0,0,
gravitational-teleport:client_runCommandOnNodes1613.pml,0,0,
lxc-lxd:rsync_Send194.pml,0,0,
wallix-awless:commands_fetchConnectionInfo272.pml,0,0,
wallix-awless:fetch_FetchByType93.pml,0,0,
pachyderm-pachyderm:chunk_serialCallback55.pml,0,0,
elves-elvish:eval_runParallel68.pml,0,0,
keybase-client:libkb_HandleChatThreadsStale1143.pml,0,0,
tsuru-tsuru:client_DoLimited780.pml,0,0,
hashicorp-nomad:agent_handleRetryJoin724.pml,0,0,
grpc-grpc-go:transport_drain1144.pml,0,0,
getgauge-gauge:parser_ParseSpecFiles77.pml,0.6666666666666666,0,
kubicorn-kubicorn:retry_RunRetry49.pml,0,0,
git-lfs-git-lfs:lfs_revListShas111.pml,0,1,
coredns-coredns:auto_setup22.pml,0,0,
gogs-gogs:process_ExecDir78.pml,0,0,
gonum-gonum:fd_Gradient18.pml,0,0.9280575539568345,
vitessio-vitess:inst_StartReplicas461.pml,0,0,
attic-labs-noms:nbs_NewAWSStore68.pml,0,0,
codetainerapp-codetainer:archive_collectFileInfoForChanges15.pml,0,0,
jwilder-dockerize:main_signalProcessWithTimeout59.pml,0,0,
chrislusf-glow:driver_collectStatusFromRemoteExecutors88.pml,0,0,
ipfs-go-ipfs:mount_ForceUnmount37.pml,0,0,
lastbackend-lastbackend:backend_NewHttpWriterBackend57.pml,0,0,
jpmorganchase-quorum:downloader_ScheduleSkeleton270.pml,0,0,
hashicorp-consul:checks_Start529.pml,0,0,
linkedin-Burrow:cluster_Configure55.pml,0,0,
linkedin-Burrow:evaluator_Configure57.pml,0,0,
travisjeffery-jocko:jocko_setupRaft25.pml,0,0,
mattes-migrate:migrate_Down284.pml,0,1,
dominikh-go-tools:runner_runAnalyzers953.pml,0.6666666666666666,0.3333333333333333,
gdamore-tcell:tcell_Init111.pml,0,0,
rkt-rkt:testutils_HTTPServe29.pml,0,0,
lightningnetwork-lnd:funding_continueFundingAccept1758.pml,0,0,
gocircuit-circuit:iomisc_ForwardClose22.pml,0,0,
gilbertchen-duplicacy:duplicacy_ListFiles443.pml,0,1,
hyperledger-fabric:statecouchdb_buildCommitters59.pml,0,0.6666666666666666,
snapcore-snapd:state_UnmarshalJSON189.pml,0,0,
chrislusf-gleam:instruction_DoRoundRobin49.pml,0,0,
nytlabs-streamtools:loghub_Start91.pml,0,0,
GoogleContainerTools-skaffold:cache_lookupArtifacts32.pml,0,0,
kubicorn-kubicorn:s3_Destroy132.pml,0,0.75,
jpmorganchase-quorum:les_quit96.pml,0,1,
kubernetes-autoscaler:klog_timeoutFlush868.pml,0,0,
nlf-dlite:main_NewDaemon78.pml,0,0,
yahoo-gryffin:gryffin_newGryffinStore44.pml,0,0,
go-redis-redis:redis_generalProcessPipeline649.pml,0,0,
micro-go-micro:kubernetes_Start551.pml,0,0,
attic-labs-noms:nbs_NewAWSStoreFactory41.pml,0,0,
kubernetes-heapster:sources_ScrapeMetrics78.pml,0,0,
tendermint-tendermint:service_Reset184.pml,0,0,
ncw-rclone:sharefile_fillBufferTokens536.pml,0,0,
svent-sift:main_executeSearch493.pml,0,1,
zyedidia-micro:screen_InitSimScreen190.pml,0,0,
uber-prototool:protoc_Compile103.pml,0,0.2222222222222222,
coreos-torus:distributor_newDistributor37.pml,0,0,
micro-micro:local_Start114.pml,0,0,
keybase-client:libkbfs_GetCleanEncodedBlocksSizeSum532.pml,0,1,
keybase-client:libkbfs_Init31.pml,0,0,
go-redis-redis:redis_init57.pml,0,0,
docker-docker-ce:buildkit_Prune150.pml,0,0,
jpmorganchase-quorum:p2p_listenLoop874.pml,0,0,
kelseyhightower-confd:etcdv3_update51.pml,0,0,
robertkrimen-otto:main_main105.pml,0,0,
golang-net:http2_Init226.pml,0,0,
pulumi-pulumi:operations_GetLogs133.pml,0,0,
sjwhitworth-golearn:meta_Predict103.pml,0,0.9166666666666666,
zricethezav-gitleaks:scan_NewThrottle21.pml,0,0,
tsuru-tsuru:integration_Run325.pml,0,0,
casbin-casbin:casbin_NewSyncedEnforcer35.pml,0,0,
hashicorp-packer:bsusurrogate_Run62.pml,0,0,
joyent-containerpilot:jobs_NewJob63.pml,0,0,
zyedidia-micro:buffer_init48.pml,0,0,
hashicorp-terraform:command_init180.pml,0,0,
elves-elvish:eval_FilePort200.pml,0,1,
liangdas-mqant:basemodule_OnInit92.pml,0,0,
juju-juju:provider_foreachVolume215.pml,0,0,
mattermost-mattermost-server:mfa_Deactivate110.pml,0,0,
pilosa-pilosa:pilosa_initializeAntiEntropy261.pml,0,0,
fission-fission:throttler_wait74.pml,0,0,
lxc-lxd:log15_BufferedHandler260.pml,0,1,
siddontang-ledisdb:rpl_Log112.pml,0,0,
chrislusf-gleam:instruction_DoPipeAsArgs55.pml,0,0,
afex-hystrix-go:hystrix_newPoolMetrics22.pml,0,0,
jedisct1-dnscrypt-proxy:main_AppMain121.pml,0,1,
kubernetes-contrib:util_Start38.pml,0,0,
siddontang-go-mysql:canal_NewCanal62.pml,0,0,
open-policy-agent-opa:file_Start76.pml,0,0,
mailgun-godebug:godebug_goEval371.pml,0,0,
henrylee2cn-faygo:logging_NewDefaultFileBackend50.pml,0,0,
thrasher--gocryptotrader:stream_set48.pml,0,0,
docker-docker-ce:commandconn_onEOF137.pml,0,1,
schollz-find3:api_AnalyzeSensorData56.pml,0,1,
hashicorp-consul:submatview_notifyUpdateLocked202.pml,0,0,
vitessio-vitess:logic_init76.pml,0,0,
ipfs-go-ipfs:libp2p_PNetChecker37.pml,0,0,
tylerb-graceful:main_main11.pml,0,0,
kshvmdn-fsql:terminal_run104.pml,0,1,
ncw-rclone:pacer_SetMaxConnections107.pml,0,0,
tenta-browser-tenta-dns:responder_resolveParallelHarness251.pml,0,0,
iron-io-functions:server_New76.pml,0,0,
snapcore-snapd:ui_YesNo33.pml,0,0,
nuclio-nuclio:dockerclient_AwaitContainerHealth455.pml,0,1,
tsuru-tsuru:kubernetes_listLogsFromPods132.pml,0,0,
tsuru-tsuru:digitalocean_waitNetworkCreated110.pml,0,0,
keybase-kbfs:kbfssync_Release132.pml,0,0,
miekg-dns:dns_init254.pml,0,0,
minio-minio:cmd_Read104.pml,0,1,
codetainerapp-codetainer:docker_tlsDialWithDialer34.pml,0,1,
upspin-upspin:serverlog_newRoot151.pml,0,0,
jpillora-overseer:overseer_release55.pml,0,1,
hyperledger-fabric:externalbuilder_Stop158.pml,0,0,
nsqio-nsq:clusterinfo_GetNSQDTopicProducers428.pml,0,0,
zalando-skipper:swarm_Join202.pml,0,0,
juju-juju:azure_deleteControllerManagedResourceGroups1745.pml,0,0,
senorprogrammer-wtf:cmdrunner_NewWidget30.pml,0,1,
Workiva-go-datastructures:merge_SymMerge133.pml,0,0,
gravitational-teleport:srv_RunForward220.pml,0,0,
juju-juju:cache_newStringsWatcherBase177.pml,0,0,
chrislusf-seaweedfs:storage_DeleteCollectionFromDiskLocation180.pml,0,0,
open-falcon-falcon-plus:graph_Info217.pml,0,0,
google-syzkaller:adb_findConsoleImpl156.pml,0,0.9166666666666666,
jpmorganchase-quorum:p2p_setupDiscovery542.pml,0,0,
google-netstack:gonet_init123.pml,0,0,
pachyderm-pachyderm:work_runSubtaskBlock40.pml,0,1,
pachyderm-pachyderm:require_NoErrorWithinT400.pml,0,1,
moby-moby:load_pullImages109.pml,0,0.3333333333333333,
bosun-monitor-bosun:expr_promRawAggSeriesQuery198.pml,0,0,
golang-tools:packages_parseFiles1046.pml,0,0,
alibaba-pouch:portforward_handleHTTPStreams51.pml,0,0,
fabiolb-fabio:proxy_Shutdown58.pml,0,0,
ncw-rclone:vfscache_New76.pml,0,0,
keybase-client:libkb_Start95.pml,0,0,
gopherdata-gophernotes:main_evalShellCommand693.pml,0,0,
dropbox-godropbox:lockstore_tryLock131.pml,0,0,
argoproj-argo:docker_Kill176.pml,0,0,
henrylee2cn-pholcus:gui_Clean83.pml,0,0,
kubernetes-kubernetes:status_NewNodeConfigStatus80.pml,0,0,
nanomsg-mangos:xrep_init64.pml,0,0,
attic-labs-noms:datas_getRefs296.pml,0,0,
gorilla-websocket:websocket_newConn284.pml,0,0,
purpleidea-mgmt:structs_Init54.pml,0,0,
iron-io-functions:runner_getPipe113.pml,0,0,
nats-io-gnatsd:server_PausePropose406.pml,0,0,
flynn-flynn:redis_start100.pml,0,0,
influxdata-telegraf:httpjson_Gather125.pml,0,0,
kubernetes-kubernetes:kuberuntime_executePreStopHook516.pml,0,0,
tsuru-tsuru:autoscale_removeMultipleNodes399.pml,0,0,
disintegration-gift:gift_parallelize12.pml,0,0,
burke-zeus:config_BuildProcessTree21.pml,0,0,
nsqio-nsq:clusterinfo_GetLookupdTopics73.pml,0,0,
go-mgo-mgo:mgo_newCluster66.pml,0,0,
liangdas-mqant:defaultrpc_NewNatsClient41.pml,0,0,
tendermint-tendermint:p2p_routePeer387.pml,0,0,
stripe-veneur:trace_NewBackendClient365.pml,0,0,
purpleidea-mgmt:coreexample_Init54.pml,0,0,
getgauge-gauge:runner_Kill74.pml,0,0,
c-bata-go-prompt:prompt_Input233.pml,0,0,
stripe-veneur:trace_NewClient314.pml,0,0,
google-novm:control_handle57.pml,0,1,
derekparker-delve:proc_EvalExpressionWithCalls141.pml,0,1,
purpleidea-mgmt:converger_Resume238.pml,0,0,
kubernetes-kubernetes:deployment_waitForDeploymentCompleteAndMarkPodsReady261.pml,0,0,
heptio-contour:contour_Start94.pml,0,0,
hyperledger-fabric:statecouchdb_postCommitProcessing744.pml,0,0,
go-gitea-gitea:pull_LFSPush21.pml,0,0,
golang-net:nettest_resyncConn432.pml,0,0,
flynn-flynn:deployment_HandleDeployment26.pml,0,1,
mattermost-mattermost-server:telemetry_trackActivity217.pml,0,0,
grafana-grafana:notifications_Init39.pml,0,0,
lightningnetwork-lnd:htlcswitch_waitForPayFuncResult741.pml,0,1,
minio-minio:cmd_initGlobalContext48.pml,0,0,
Azure-acs-engine:cmd_drainNodes488.pml,0,0.6666666666666666,
keybase-client:libkb_HandleChatTypingUpdate1230.pml,0,0,
google-mtail:vm_CompileAndRun201.pml,0,0,
mattermost-mattermost-server:plugin_FileWillBeUploaded460.pml,0,0,
tendermint-tendermint:timer_NewThrottleTimer26.pml,0,0,
docker-swarm:swarm_RemoveImages549.pml,0,0,
google-seesaw:healthcheck_Blocking386.pml,0,0,
TykTechnologies-tyk:gateway_Init331.pml,0,0,
keybase-client:libkbfs_RequestRekeyAndWaitForOneFinishEvent566.pml,0,1,
keybase-client:libkb_Batcher988.pml,0,0,
HouzuoGuo-tiedot:benchmark_Benchmark2155.pml,0,0,
purpleidea-mgmt:core_Init106.pml,0,0,
contribsys-faktory:server_Boot91.pml,0,0,
kubernetes-client-go:certificate_Start273.pml,0,0,
nuclio-nuclio:rpc_newResultChan422.pml,0,0,
influxdata-telegraf:solr_Gather144.pml,0,0,
pilosa-pilosa:pilosa_executeSetRowAttrs2207.pml,0,0,
Masterminds-glide:repo_Export248.pml,0,0.2962962962962963,
juju-juju:agentconfigupdater_NewWorker55.pml,0,0,
purpleidea-mgmt:structs_Init99.pml,0,0,
TykTechnologies-tyk:tcp_handleConn173.pml,0,1,
jpmorganchase-quorum:event_init61.pml,0,0,
gocircuit-circuit:valve_MakeValve67.pml,0,0,
gocircuit-circuit:tube_writeSync105.pml,0,0,
keybase-client:libkb_HandleFSEditListRequest778.pml,0,0,
keybase-client:avatars_StartBackgroundTasks206.pml,0,0,
lxc-lxd:drivers_receiveDataset313.pml,0,0,
cyfdecyf-cow:main_main31.pml,0,0.6666666666666666,
anacrolix-torrent:storage_MarkComplete93.pml,0,0,
hashicorp-packer:digitalocean_waitForActionState113.pml,0,0,
keybase-kbfs:libkbfs_setLatestMergedRevisionLocked5970.pml,0,0,
hashicorp-packer:inspec_Prepare74.pml,0,0,
CodisLabs-codis:topom_newRedisStats27.pml,0,0,
influxdata-telegraf:aurora_Gather90.pml,0,0,
dominikh-go-tools:runner_Run1106.pml,0.75,0.25,
hyperledger-fabric:comm_readWithTimeout614.pml,0,0,
mattermost-mattermost-server:app_JoinChannel1871.pml,0,0,
michaelmacinnis-oh:cache_init136.pml,0,0,
ncw-rclone:policy_newestEntries55.pml,0,0,
gocql-gocql:gocql_SetHosts123.pml,0,1,
keybase-client:kbhttp_Start162.pml,0,0,
letsencrypt-boulder:janitor_Run116.pml,0,1,
wallix-awless:awsservices_Fetch1154.pml,0,0,
smallnest-rpcx:client_NewRedisDiscoveryStore48.pml,0,0,
fabiolb-fabio:proxy_Serve52.pml,0,0,
elves-elvish:eval_peach162.pml,0,0,
docker-libnetwork:dbclient_doClusterPeers355.pml,0.4444444444444444,0,
weaveworks-weave:proxy_doRawStream72.pml,0,0,
chrislusf-seaweedfs:storage_recoverOneRemoteEcShardInterval322.pml,0,0,
afex-hystrix-go:hystrix_newMetricExchange26.pml,0,0,
minio-minio:dsync_releaseAll364.pml,0,0,
TykTechnologies-tyk:gateway_NewPythonDispatcher272.pml,0,0,
syncthing-syncthing:model_revert69.pml,0,0,
chrislusf-seaweedfs:S3Sink_CreateEntry98.pml,0,0,
purpleidea-mgmt:coresys_Init56.pml,0,0,
influxdata-telegraf:agent_runInputs287.pml,0,0,
upper-db:testsuite_TestExhaustConnectionPool1811.pml,0,1,
docker-docker-ce:containerfs_CopyFileWithTar92.pml,0,0,
mattermost-mattermost-server:api4_ShutdownApp276.pml,0,0,
docker-docker-ce:supervisor_startContainerd171.pml,0,0,
influxdata-telegraf:nginx_sts_Gather51.pml,0,0,
google-syzkaller:backend_symbolize262.pml,0,0.3333333333333333,
iamduo-workq:captain_TimeoutLock44.pml,0,1,
Shopify-sarama:sarama_ListConsumerGroups799.pml,0,0,
fireworq-fireworq:jqtest_subtestAsyncUpdate1605.pml,0,0,
Workiva-go-datastructures:queue_ExecuteInParallel372.pml,0,0,
ncw-rclone:union_multithread888.pml,0,0,
coyove-goflyway:toh_newClientConn49.pml,0,0,
purpleidea-mgmt:structs_Init107.pml,0,0,
influxdata-telegraf:intel_rdt_Initialize121.pml,0,0,
siddontang-ledisdb:server_startReplication151.pml,0,0,
lxc-lxd:subprocess_start111.pml,0,0,
vuvuzela-vuvuzela:mixnet_NewRound745.pml,0,0,
Shopify-toxiproxy:testhelper_TimeoutAfter8.pml,0,0,
elastic-beats:pipelinemanager_ConsumePipelineAndSend84.pml,0,1,
hyperledger-archives-fabric:peer_reset51.pml,0,0,
esimov-pigo:detector_FetchCascade31.pml,0,1,
blevesearch-bleve:upsidedown_Update416.pml,0,1,
minio-minio:cmd_Update1147.pml,0,0,
tendermint-tendermint:clist_SetNext160.pml,0,1,
nsqio-go-nsq:nsq_connect290.pml,0,0,
labstack-armor:armor_StartCluster18.pml,0,1,
google-keytransparency:client_BatchCreateMutation82.pml,0,0.5833333333333334,
aelsabbahy-goss:system_DNSlookup112.pml,0,0,
vitessio-vitess:inst_RepointTo853.pml,0,0,
mozilla-services-heka:elasticsearch_Init121.pml,0,0,
vitessio-vitess:wrangler_ReloadSchemaShard72.pml,0,0,
google-gxui:gl_syncDriver67.pml,0,1,
henrylee2cn-pholcus:gui_NewLogView22.pml,0,0,
Azure-acs-engine:operations_ScaleDownVMs21.pml,0,0.6666666666666666,
hashicorp-consul:local_setServiceStateLocked401.pml,0,0,
golang-tools:packages_goListDriver132.pml,0,0,
gocircuit-circuit:iomisc_SniffClose38.pml,0,0,
hashicorp-terraform:remote_Init42.pml,0,0,
alibaba-pouch:ctrd_recoverContainer314.pml,0,1,
minio-minio:cmd_GetLocalDiskIDs1244.pml,0,0,
prometheus-alertmanager:notify_Exec377.pml,0,0,
hashicorp-go-plugin:plugin_newGRPCStdioServer32.pml,0,1,
attic-labs-noms:csv_WriteList68.pml,0,0,
hashicorp-nomad:drivers_ExecTaskStreamingRaw406.pml,0,0,
kubernetes-contrib:remotecommand_stream44.pml,0,0,
joewalnes-websocketd:main_main38.pml,0,0.6666666666666666,
codetainerapp-codetainer:docker_enableEventMonitoring133.pml,0,0,
aws-aws-sdk-go:s3manager_download299.pml,0,1,
coredns-coredns:dnsserver_Stop165.pml,0,0,
mattermost-mattermost-server:app_SyncPlugins225.pml,0,0,
henrylee2cn-faygo:task_init610.pml,0,0,
git-lfs-git-lfs:tasklog_NewWaitingTask16.pml,0,0,
influxdata-telegraf:mysql_Gather173.pml,0,0,
getqujing-qtunnel:tunnel_transport52.pml,0,0,
hashicorp-nomad:nomad_createRPCListener476.pml,0,0,
burke-zeus:processtree_forceKillPid437.pml,0,1,
buger-goreplay:tcp_NewMessage41.pml,0,0,
gocircuit-circuit:interruptible_Pipe17.pml,0,0,
docker-libchan:spdy_Pipe21.pml,0,1,
alecthomas-gometalinter:importgraph_Build62.pml,0,0,
golang-net:nettest_testCloseTimeout315.pml,0,0,
mattermost-mattermost-server:app_DoPostActionWithCookie44.pml,0,0,
GoogleContainerTools-container-diff:cmd_diffImages102.pml,0,1,
Azure-acs-engine:kubernetesupgrade_Validate74.pml,0,1,
go-kit-kit:eureka_Register59.pml,0,0,
kubernetes-kubernetes:winuserspace_proxyTCP192.pml,0,0,
purpleidea-mgmt:core_Init200.pml,0,0,
letsencrypt-boulder:log_newMockWriter50.pml,0,1,
google-go-cloud:awsdynamodb_RunActions162.pml,0,0,
xtaci-gonet:hub_client_init36.pml,0,0,
alibaba-pouch:ocicni_createNS95.pml,0,1,
keybase-client:libkb_HandleChatTLFResolve1086.pml,0,0,
weaveworks-scope:multitenant_FetchReports158.pml,0,0.75,
open-policy-agent-opa:e2e_runTests190.pml,0,1,
vitessio-vitess:binlogplayer_ExpectRequestRE69.pml,0,0,
keybase-client:libkb_HandleTeamExit2194.pml,0,0,
chain-chain:core_updateAssetTags64.pml,0,0,
grammarly-rocker:s3_Pull197.pml,0,0,
pulumi-pulumi:deploytest_Run47.pml,0,0,
pingcap-tidb:tikv_splitBatchRegionsReq43.pml,0,0.6666666666666666,
upspin-upspin:dircache_cacheable64.pml,0,0,
OJ-gobuster:libgobuster_NewGobuster41.pml,0,0,
jaegertracing-jaeger:queue_Resize183.pml,0,0,
letsencrypt-boulder:va_parallelCAALookup135.pml,0,0,
gocircuit-circuit:tube_bulkWriteSync142.pml,0,0,
miekg-dns:dns_serveUDP466.pml,0,0,
NebulousLabs-Sia:sync_init36.pml,0,0,
kubernetes-contrib:docker_enableEventMonitoring133.pml,0,0,
lxc-lxd:rsync_Recv263.pml,0,0,
elves-elvish:progtest_makePipe84.pml,0,0,
mattermost-mattermost-server:app_tryExecuteCustomCommand349.pml,0,0,
perkeep-perkeep:app_Quit536.pml,0,1,
abh-geodns:healthtest_start173.pml,0,0,
pingcap-tidb:domain_fetchAllSchemasWithTables169.pml,0,0,
keybase-client:chat_Start63.pml,0,0,
laurent22-massren:main_processFileActions538.pml,0,0,
golang-glog:glog_timeoutFlush746.pml,0,0,
graph-gophers-graphql-go:exec_execSelections71.pml,0,0,
kubernetes-autoscaler:core_drainNode1196.pml,0,0,
lightningnetwork-lnd:htlcswitch_timeout1412.pml,0,0,
loadimpact-k6:executor_hardStop180.pml,0,0,
hybridgroup-gobot:firmata_Read21.pml,0,1,
mattes-migrate:migrate_Close190.pml,0,0,
containous-traefik:server_Stop49.pml,0,0,
flynn-flynn:cluster_run296.pml,0,1,
lightningnetwork-lnd:sweep_RegisterBlockEpochNtfn137.pml,0,0,
perkeep-perkeep:gce_Create474.pml,0,0,
michaelmacinnis-oh:lexer_Copy54.pml,0,0,
