kubernetes/kubernetes,0277cff2682d5a0d3c6fa2109f7f82e8db3f2ed8
avelino/awesome-go,17faf5ad88a587fc515bfdc256c4c78f4b1a8f42
moby/moby,5a82cee6d499e51bc903a743e4f0f205adb161a9
gohugoio/hugo,64f88f3011de5a510d8e6d6bad8ac4a091b11c0c
gin-gonic/gin,5452a1d3ef0982ffea95fb9e88e5425b0928c431
fatedier/frp,2408f1df04ad9128ee31a013799f5790dbda5cb3
astaxie/build-web-application-with-golang,2573ebdb67e8149eb386c753e17458286aef52f9
v2ray/v2ray-core,5dffca84234a74da9e8174f1e0b0af3dfb2a58ce
gogs/gogs,509a392272a2ba2bde9d64bf5a55a58d0eadccc4
prometheus/prometheus,27b78c336e436e9eed8b55ab0b162b888ec641d8
junegunn/fzf,4cd621e877cb3a8e44b12ba3a7ce58709862922f
syncthing/syncthing,87a0eecc31a0a5eeef1d0da510f4d5832e022e1f
etcd-io/etcd,a3fc535a5ae77c79dd9cd93e006717cd6de40260
traefik/traefik,080cf98e512f6fcb93838de76a6aa34ff147dee4
caddyserver/caddy,efe84497d7a333a8a6c7b658286121bad1b7f616
ethereum/go-ethereum,b8040a430e34117f121c67e8deee4a5e889e8372
FiloSottile/mkcert,0a3190b1659e514d6e9b03eedfa25049d046000b
pingcap/tidb,207ce344cbb044ffb1b2681f1ba320a154979f6d
minio/minio,e948e7cdf65028f7a8545d1a05c2baea75198bd0
rclone/rclone,6ef7178ee4465f2361b6e2cf483cef5bbfd9c95c
istio/istio,9a5df21188426a6a7dd7d7503e01330a79db8a48
hashicorp/terraform,c63c06d3c4d09a1bf1a1adc20216503e0cc2f881
beego/beego,511714d616c8da2a9562c2d0130096f4c7c6b169
wagoodman/dive,64880972b0726ec2ff2b005b0cc97801067c1bb5
unknwon/the-way-to-go_ZH_CN,28299b8bf89bd559e60e43e90af202f018a4c312
go-gitea/gitea,ed393779004335a0afcca0dfac48937db41fabd6
go-gorm/gorm,70e93e73d8c739a81e27b0cb73aa5513cafb63e0
evanw/esbuild,7d25497064e8a2a3f83c779dc29da2596bb60d0f
drone/drone,0d95c459da587bf8f5778b1f631fc8fe26af20dc
cli/cli,25d79c4e16d54d6f3621517269f07048748a6b97
hashicorp/consul,8d6cbe72813779f60ac24d119cc311c21003f4ce
influxdata/influxdb,eb2fa466187915c2ed541c85b6ab961a5c5f6ff5
spf13/cobra,c2e21bdc104f9ef54bba066ae12ccedd0ae13d73
github/hub,c8e68d548a39ec0fab6f674a669c21b54d4eec61
kubernetes/minikube,ce01c06fef829245cf1b940ca59cc55f4fc9c658
hashicorp/vault,f8f289712a3d37115090591602a2b92503fb3a13
kataras/iris,fa175eb84754a45baecc4cd0044249fad05dfe1e
cockroachdb/cockroach,e3327f02caefa2f750fa3c082f97b86adff56049
mattermost/mattermost-server,5c16de58a02099df38e1e8486df148d1b798460a
inconshreveable/ngrok,a8e7fa486348f391f4bdf241344d798297f953bc
go-kit/kit,60e8424101af501c525efaf67c0a2edf08667f80
openfaas/faas,8ee050985cb92aaedee46b93b5758e28d80c29cb
labstack/echo,643066594d00891e3151c7ed87244bfeddcd57b9
nsqio/nsq,a1da1173d3bfa0ea41b73a3b75ec447a32287c52
jesseduffield/lazygit,9190e9beac90d80e854a726134b12e15d239df45
helm/helm,43853ea772e779b617b011a8d4e69205636fa4f9
yeasy/docker_practice,da614e84417bfb21504c9405517fef40856f47c0
sirupsen/logrus,b50299cfaaa1bca85be76c8984070e846c7abfd2
jesseduffield/lazydocker,c88fba546f275f98b7668c9ea644b3e941e38cdf
tsenart/vegeta,d73edf2bc2663d83848da2a97a8401a7ed1440bc
halfrost/LeetCode-Go,99fe55c7df7db2b1a623f1a7d9b12115a6d8f675
zyedidia/micro,86df9ad3b04a3b488637408ea07ee7b3412926ee
ehang-io/nps,c9a4d8285b30c3c140782fc660bfc3d6961262ed
rancher/rancher,91a6f51f259acd5670ff167d6bcf1916da7406f1
k3s-io/k3s,64577a070d70654125bd2af0069e49eaa10f284f
Dreamacro/clash,baf03b81e36e3c5d8b9a370ebb82dd2b25b4a58d
go-delve/delve,9ed4ba0c49d916bf128ecf69fcc109235aeed075
dgraph-io/dgraph,6b188f254202f9c38b16c4769b672dd0e9d596ac
asim/go-micro,1b5d372b5be58353cfbc227bd4a65dd4e885b779
coreybutler/nvm-windows,061902359c9e8fa3334c4f4258a43048ae057c57
urfave/cli,e79ceb69ff08b29473e8b8f156b2297a1b95d893
joewalnes/websocketd,c91a1dde3b070583061d5f316c63357433e13a98
spf13/viper,36be6bf91f8c02e8fd53f87205ad230706a3eea9
yudai/gotty,a080c85cbc59226c94c6941ad8c395232d72d517
helm/charts,fd80db1fed08f4e4b9555d739a10f0242fec34bf
tmrts/go-patterns,f978e420361704bd7531e2b57905a308a3a012c8
matryer/xbar,cf3d7b622a9128dc92ec3eca44cecb0ea51ec283
valyala/fasthttp,19fcd408632d6dae8425ae95c6c62a25c823ff81
chai2010/advanced-go-programming-book,3565ae02b15f4eafe1fef0b05eb8e88ba73768c5
iawia002/annie,abc3c9df18173c91a5ca7a77fecc0665dea01aa1
goharbor/harbor,f8171cdf6e914a08ace62508eabef81ceacfe5a2
gorilla/websocket,e8629af678b7fe13f35dff5e197de93b4148a909
hoanhan101/ultimate-go,d3a43444a9a2f955ca7f8de9c6947c9b57d14e57
gorilla/mux,d07530f46e1eec4e40346e24af34dcc6750ad39f
buger/goreplay,8f14d5b178daf22cd2de4009ffcc0c2eb0c0cf2f
quii/learn-go-with-tests,6adb8e3574d58ebdd8c54b20ae6723540ddee05a
cayleygraph/cayley,2d53d0ab1147d1464f6a83509a0ac21750f02bd4
gocolly/colly,91e0074c7c0c7a09e3d57e277a9182a82b39b04c
grpc/grpc-go,ebd6aba6754d073a696e5727158cd0c917ce1019
jaegertracing/jaeger,12bba8c9b91cf4a29d314934bc08f4a80e43c042
golang/dep,f13583b555deaa6742f141a9c1185af947720d60
stretchr/testify,6241f9ab994219cafb009b160a20acf4a62063aa
kubernetes/kops,e3fbc2ad043e58cfdcf934e015ef8d5d9e42273e
gofiber/fiber,a28afaae75f6c40af508dc38707e45fccd120863
fyne-io/fyne,9b5a176fe1dc80beae72a3074d0d5cd2b409637c
hashicorp/packer,a9c2283ee589b203c0ce16174a5747b7d2053d61
grafana/loki,aa544a9dffdb8e78f7d7ed8edafce466d333b0a8
schollz/croc,cd2802b8b524cea7ca357512632f0a1013f6f543
nektos/act,020d6a60832a324e46b72be92ac5754537e57a17
dapr/dapr,ab83d3535478699a2f2707d9ed9008f78c155d6d
julienschmidt/httprouter,fe77dd05ab5a80f54110cccf1b7d8681c2648323
restic/restic,be6fc02c044f144f54779d9b0ed02f73df45a5eb
xtaci/kcptun,9a5b31b4706aba4c67bcb6ebfe108fdb564a9053
uber-go/zap,7b21229fb3f063275f4f169f8a79ad30aa001c51
wtfutil/wtf,91942b68f203aa95e43dfa637165f0136a9343da
txthinking/brook,b308b9f197672f37f76c7f6b835e363fc4417114
revel/revel,ee237a4ce4b7660dcbafda789dd6f524a4a4b47d
go-kratos/kratos,eeab979d5f41c9a7a5acf8beb1619c8055360239
k6io/k6,af1e032ebf949cde092d4a2eddb78528ea0a5864
