erroneousboat/slack-term,c19c20a3e5c597d6d60582fcba1a3523415e8fe4
tj/mmake,c7cc9d972676d84ee890ad6a1c6183dd708a773f
vulcand/oxy,577ef7a2383b14cfef7ea10b29599cb1eb067359
ehazlett/interlock,275b8dcc68ad7d3792364aca23c0dd40f744f7fc
grafana/grafana,bedd662c0727fbfd02578f84852f5afdfeb4ba19
nsqio/nsq,8adb229f70538c6f6554b98285a33552bcb5832c
gilbertchen/duplicacy,ecf51914002752bd46b5c1f5b80763bc14667cdd
caffix/amass,5a51b3330ef22606ad6b6a58df697a36b20d56c8
kubernetes/kops,c04c40cec659b23ee9a6a552ac8778bf095ea49d
uber/prototool,a6d064684c011c8482f4218c681a66a64031fb1d
robertkrimen/otto,ef014fd054ac81699937511d58c9c3baa5888cdf
mozilla-services/heka,278dd3d5961b9b6e47bb7a912b63ce3faaf8d8bd
google/netstack,55fcc16cd0eb096d8418f7bc5162483c31a4e82b
shiyanhui/dht,5a20f319926383187ead6e7eb2509b08599a9ee9
youtube/doorman,e2b69e17fa85f7ccda14032ebf0daed034e2e7f7
gruntwork-io/terratest,d2eada2d8542026fdde0224b0e6b26b3445591ee
fatedier/frp,72595b2da84f7eaceac735dbe8fd45ff9668d92c
helm/helm,ab12382ddcd3a27a974b45ed96e47697de221244
yahoo/gryffin,ad2188a1a639d7227babbfa7b68486caf8d77b03
docker/libcontainer,83a102cc68a09d890cce3b6c2e5c14c49e6373a0
sensu/uchiwa,e319382c7a3ae5fb368816e7bb2c068bc0dc38ab
inconshreveable/ngrok,a8e7fa486348f391f4bdf241344d798297f953bc
yinghuocho/firefly-proxy,69c2bd0414cf1a17fc55d01836cbc021fe291f14
laurent22/massren,f721006d1e4ee8220a6eea144cfe3b0835a5880f
anthonynsimon/bild,153f9d751f27d1016e4131cc91346aea623a7db0
fireworq/fireworq,64920523abd7128a2ae5a7bc4f0676fb92133322
dzhou121/gonvim,c264bb83afbfe10c2d4991037142c169ce6519c3
rach/pome,6813a74841c78752ead725f8d6193a13a1577a1e
weaveworks/weave,edd28ab4cbef07574400d8b4fbfab6638515f4fa
burke/zeus,9ba439429e0337c6fb73c0a70c7d907a3a49a912
mattbaird/elastigo,2fe47fd29e4b70353f852ede77a196830d2924ec
rkt/rkt,171c416fac02516604e48d2e65153dd55a12513e
jwilder/docker-squash,3dc9b8d4d3a69071eebe8a64cdc459ff5a2cb8be
cespare/reflex,456b3718abbf1922cfbd498521c27851250f5496
schollz/find3,5964026678a3b2c9f50f2e638f0eb1e0ecb6fe81
jrallison/go-workers,dbf81d0b75bbe2fd90ef66a07643dd70cb42a88a
golang/glog,23def4e6c14b4da8ac2ed8007337bc5eb5007998
funny/link,98708916287bbfd05157aa800f91f5e7507bc6dc
brutella/hc,b67d5a668b74c6d0452b7fc37df686bfeb8c12d0
oxequa/realize,498ce46d1b223185254598c51d88718179abb71e
gopasspw/gopass,78aaad1f5c3c6e91f32dc3f7cf5b18f5b9f6b9f3
gomatcha/matcha,d2dd1c5db1f5c1a7c0de70ead920a999e1e2bc9a
open-falcon/falcon-plus,0c37ac5b9412e90c560571563e9a6824eea2e03f
pachyderm/pachyderm,923f5743ea09a6e528ef65e28177648432f46b2d
davyxu/cellnet,a54521ecd0aa3612dddd4a4b7df8387ef9ecfc35
jenkins-x/jx,455f64c4e5c0065334a6303536708dea6fa3b687
disintegration/gift,575e249f241f574659e4495fb306c04f86340c13
hashicorp/terraform,1c7c53adbbf7c33713c1cf6696215132cf7eaf90
prasmussen/gdrive,31d0829c180795d17e00b7a354fffe4d72be712b
victorcoder/dkron,b404ce7401f6d8a2fb45320432a29e618bea6565
ddollar/forego,51d9f6dc5ffb962e7efe4b461eca53d87587012c
bcicen/grmon,6c3770b6af49c799bb44af4f1029db5de60b41b1
pulumi/pulumi,940c0eaf62bac1196a10942ec437f2c39e7e2bda
esimov/caire,21078e40c26df51088175de13e004368206bcba9
golang/mobile,e6ae53a27f4fd7cfa2943f2ae47b96cba8eb01c9
gomodule/redigo,8a8dbfb3ecbdc663a6280b87f9a5fcd412139ab2
cihub/seelog,f561c5e57575bb1e0a2167028b7339b3a8d16fb4
go-gitea/gitea,127907c5e66d671b139a8d2bd8912911c7e58347
CodisLabs/codis,de1ad026e329561c22e2a3035fbfe89dc7fef764
rakyll/gom,183a9e70f4777aa03d377d21a0ed023a6afac141
puma/puma-dev,566b636a6ffa8785bc025a5c8cfe14fe49f641d6
jedisct1/piknik,00ee34cd9fe6c6c3fca2ba954c93e2a3b129f45c
raviqqe/muffet,f2bee8f36ae760a9a425aa81356d7378f1d9ea14
junegunn/fzf,1a76bdf8914195ab26ebac7e49a3ed8752dd69bd
nanobox-io/nanobox,c90ca1e72c19edc9225dc949f1ab44185b9c98a6
soundcloud/roshi,3386d6e0563cf5920a7d3f310fbe0adc934e3fa5
op/go-logging,970db520ece77730c7e4724c61121037378659d9
rakyll/boom,e99ce27f0878c1d266c8a3c266029038e78c5380
rqlite/rqlite,24bbec50333c3d307a77b8028a4c5b13a521f0a8
fogleman/nes,8c4b9cf54c354137c37e8ae17caf4b1b1405313b
tsuru/tsuru,acb87a16aa1c971080a7771119155c44e5eab9f2
meshbird/meshbird,f6d04a4e2028529d670d5d783f88978d97428fe1
lxc/lxd,6c8d1ba8351d36ae4f0844a7009611b160ef4174
rancher/os,628e6ab052fca923b73d02ccf173887a2b3bf964
gocolly/colly,389278068768874a3251ae6b0298753ca788df91
graph-gophers/graphql-go,beb923fada293249384c7a9fa0c5078ea92466f3
sourcegraph/appdash,ebfcffb1b5c00031ce797183546746715a3cfe87
gokrazy/gokrazy,0e2a0ad88a5b8156af6078dc6ee50448f2b6d275
ericfreese/rat,78bcc77cacb18ad639a71ae4cab860ab82d5f8de
alecthomas/gometalinter,32416ab75314da538e4a51cdf3c6189b66fe3de4
HouzuoGuo/tiedot,6fb216206052eb2ae4306cf5e75acfa88f60d481
sosedoff/pgweb,64c5ca5cb1a094d5baa5f9c08b32163990ef027a
NebulousLabs/Sia,a25183288df2fc0ba6e43ef2d1b9644d0ec29ba1
golang/tools,e0d201561e39aeaab8136532f2bbe17ae1ef24ff
whyrusleeping/gx,4f048f2b0c6c09c21889b11e1c06777752220b9e
tdewolff/minify,91d76889ceedeb94ebddd15b95bf76c9071dbd77
hashicorp/vault,654c9ea2e3062b5f2bc8b9ca7964fc154bd80a8e
github/gh-ost,c681c54e8f33db697f188c42e1e72c88082b3536
openfaas/faas,87d563664afc005d24b21f4bf79f00a0125312bc
name5566/leaf,8592b1abbbbe0c256305b58a57aa995d4564bc7e
nats-io/go-nats,73ffc26dfe70cc3b217df38d209c83b6d07eaf3c
docker/docker-ce,535372a702026c6392af9155e8d08fe51ae3b116
grpc-ecosystem/go-grpc-middleware,fab13c27ec1d74ec053740349a01efaae87e5aa4
OJ/gobuster,676a27f475b69a7e96c12c4040701fe8f8da1e13
hajimehoshi/ebiten,fbc7b3c884e80b788488ce16f81af011d0fb9ecc
ha/doozerd,8adec5411b39dbcc94c02b3669ee06379ec83ead
streadway/amqp,e6b33f460591b0acb2f13b04ef9cf493720ffe17
aws/amazon-ecs-agent,206fdadfca022d3f05dc4ba59599e08852d58ffd
census-instrumentation/opencensus-go,e736602bcaf5ed1e2191a730813ac2bc7caed9eb
jasonlvhit/gocron,ab84337f7963425ab4e3ccb9daf81015a45194ef
Masterminds/glide,b94b39d657d8abcccba6545e148f1201aee6ffec
lib/pq,4604d39ddc9f62e2ca152114c73aec99b77a3468
chrislusf/gleam,d48afd638bae4e01dbf233e492fc07c840929d45
goraft/raft,0061b6c82526bd96292f41fa72358ec13ee3853c
google/gops,268f11e4fcde1604b8593e6bc35eb6e138699cb5
docker/libchan,0328dcec840a0659448faf08af087135fffb7fde
jetstack/kube-lego,d9ff0086c7bf591d07cc9ce4ceb5f58d83cc5ad2
chain/chain,a0f20e0cf0f3d356d0c081c4d77fd3951783b101
google/seesaw,07e01df4fccc099cce282ca32e622fbd97048fcf
twitchtv/twirp,34efa1812ea53ee8adb60741a6956f33e1695f26
yunabe/lgo,42c42d410fdf64ea6148f63afd6040267a259c20
heptio/ark,db403c6c54b0048fada2b5db628c44be4ac0fd79
francoispqt/gojay,1398296d938f9fae26750ddc2fe356b6d897f799
cweill/gotests,70c086a998c5d51f989e9b58160dee2572b5f721
openfaas/faas-netes,79b34c902bcba920b3f5f1067c58dcbb2febaa2c
tsenart/vegeta,d73edf2bc2663d83848da2a97a8401a7ed1440bc
mattes/migrate,4768a648fbd9e04389a73a21139d14a4ccb1a61a
docker/infrakit,41da4a601bbb18514c61ebaed12a229098ddcd3e
argoproj/argo,c1f9280a204a3e305e378e34acda46d11708140f
Workiva/go-datastructures,0819bcaf26091e7c33585441f8961854c2400faa
bfirsh/whalebrew,39e8e57424dd85776f473da37c22e96876a094ae
vektah/gqlgen,997da421b0b80884fcb43c8c6a22d747564b301c
adrianco/spigo,168b9637eef536ea16d1d8041910242f69c17d24
perkeep/perkeep,40f12e532cba9a2b236a413d486c7ab0a6768672
rexray/rexray,362035816046e87f7bc5a6ca745760d09a69a40c
bettercap/bettercap,fef32192be63add260c39cdd906353297cff973c
robfig/cron,bc59245fe10efaed9d51b56900192527ed733435
kubernetes/ingress-nginx,1c908029eee0aa07b5740a6d380e5034291528b0
cyfdecyf/cow,41c0fb157c8b939b724ae0d58dad3a1b7cd2e811
rakyll/hey,33a965eeeb7b0351b50c8e1d8de7ae50bff3d2be
go-qml/qml,2ee7e5ff737026a4dfa89801fac63561279040f4
bradfitz/http2,aa7658c0e9902e929a9ed0996ef949e59fc0f3ab
google/stenographer,355604bbf7d36b92bbc74b64e7d4535727bce645
securitywithoutborders/hardentools,180f2d54dc5f4647e0564ab5dbe76b0efb7217b4
gizak/termui,4cca61d83fa2cc0f485c478ff768b0108f6591d6
cortesi/devd,c1a3bfba27d8e028de90fb24452374412a4cffb3
coreos/etcd,bb71f706a687139d431edb72f1b4d4a79085345d
henrylee2cn/teleport,b23c46ba9ee6cb8ede9b6e09c525784bb096ba27
cloudflare/redoctober,99c99a8e75441d7e010730ce14bc6d596fff13bc
facette/facette,202a9990c4a03e633b1af8495019f82763f67e5c
google/novm,278237d9ebcaea19695a08151e64555e634442f3
gocql/gocql,e49edf966d9036342234c0f42c9643fbffdefaf5
arachnys/athenapdf,dc33a8ac7f06ed6054f847aff291e489f981ec9a
evilsocket/xray,73f8221df1ad4b88e37f3f86d20dbe2604b70860
gogs/gogs,af6510fd17c5cf3d31518dc412bc173e04ec25a1
Shopify/toxiproxy,10f0561d746e6382c16478a1f9ef97b622fa314f
syndtr/goleveldb,5c35d600f0caac04c20d52438103f1a7aa612598
libp2p/go-libp2p,1c850e1293995d06f65d47b11be9d8502be49fee
rs/zerolog,4f50ae2ed060b877dac885c21dedad0e0c19e875
golang/groupcache,8c9f03a8e57eb486e42badaed3fb287da51807ba
fanpei91/p2pspider,e81c7078285c96c91bbbb2f2580199f8f3f61bae
hashicorp/packer,94e22e666440c3ceb633cc0ea96d9a7f345d736e
gorilla/websocket,c3dd95aea9779669bb3daafbd84ee0530c8ce1c1
ginuerzh/gost,1a56a878ac446d9cfc14a1c7fb11ef43d8dc61f4
laher/goxc,e513940c33796cf695d78637d035a6c7796ff030
appc/spec,259c2eebc32df77c016974d5e8eed390d5a81500
keybase/kbfs,a4a00254ce4a3f4cf9d19ca56085d4964f1a7f64
getlantern/lantern,c972d9c24cf83d18709fa1eb29079f28c3d620c9
astaxie/beego,093f976365585855010941376432ce45287f63c4
svent/sift,2ca94717ef0bbf43068f217c8a0dfb216df52225
juju/juju,af21dceaf489e65417c11a49921a03bf188480cd
go-task/task,47d3011c85ea9b8cddb90f611c90145624b38e62
ponzu-cms/ponzu,9bc41b703131aa42ca64265ab6fdeadc37841e66
kubernetes/contrib,89f6948e24578fed2a90a87871b2263729f90ac3
tinode/chat,d1db45e86cb126b852dafef3dea43f98365de695
thrasher-/gocryptotrader,e611a7542db9b5eac6cf277719498f397e0a9c0f
attic-labs/noms,26620a34bc8c95812037588869d4790b5581b34d
vulcand/vulcand,219dd98cfc7ae2ba719f98d53bbb491e9105f85f
open-policy-agent/opa,a2d14c214cc298b339ba48164d7759900589eb64
lucas-clemente/quic-go,492429aed5b135a851adb27fd4a5127705f2ee69
jordan-wright/email,943e75fe5223047b345337ea74d5951d19d229ed
jgrahamc/httpdiff,7e439a23a8b9f1d26f0c1617e9e479dcc921ec7f
haxpax/gosms,1cb89c41d4578c217782511180a2145d54bc6649
mailhog/MailHog,0441dd494b03c9255a9b8e90e3458ebb115eacff
tenta-browser/tenta-dns,8a8ab0bbeb86f54d3a26606118d06ca03e49dfdd
fission/fission,6dbdf4d88bacf13948185ad090f7b73adc6bfb34
micro/micro,e0a32417ab5a8e457e8257801108a124d2ca7e4f
linuxkit/linuxkit,1b8e6c586bff91b77938404554692220b0402b56
mgechev/revive,a3fd1359dafc983a27881a293d6c786cf2f90c56
gobuffalo/packr,1968755b25ddccf5a0592a9efdf1425e92d1d412
ory/oathkeeper,ccd6f406c679567fd79e933bede3771bc15567a2
bcicen/ctop,0094cba5eaebcf478282655b1de7a8605cdbf3a9
apex/apex,9a7686bae601935091db4bb403e69c6e7cc1c599
snapcore/snapd,fe7a22bc98cfe84b1896a0ecc871d73e560445b7
ChimeraCoder/anaconda,fba449f7b405a61af4f8a9246bd557f9625bd7be
olebedev/go-starter-kit,12d8bc473581b5ce9b29342e49f8e3086c79ae33
intelsdi-x/snap,e3a6c8e39994b3980df0c7b069d5ede810622952
monochromegane/the_platinum_searcher,ad20073a3cb5bb354a1fde44ffe5aa331982cbd1
nytlabs/streamtools,e8f4fe069fc28749e54f6e6354ed2ffb0e0948a1
hellofresh/janus,92339f294e2debd3745f229b42596a41061a7741
jpillora/overseer,94fc750bf4dc84fc627d444eb29c54028e201083
xtaci/gonet,7e529c8dbaca6cf426827f9a9aa5ac0076dc24ce
kshvmdn/fsql,50fbe7536dd7c8b4ec61b503482accc3a17d561e
jroimartin/gocui,c055c87ae801372cd74a0839b972db4f7697ae5f
shiyanhui/hero,b892ad78f35c578e8b21c62bc7abf88efe2360f2
sourcegraph/srclib,28ba5745ba2ee2cbe539a8d696cab64556db542f
dgraph-io/badger,63f09c34dec1537354fa6b036edea510afbe09e4
itsabot/itsabot,48a5b1e70afca321d0c522922746b667c29a6070
weaveworks/scope,9aa9b1ae70bc40a765324152debf82e0ae0e2fce
gonum/gonum,090a5d652c892e8d5460a07eca1c1ddf480b04d9
heroiclabs/nakama,2744ebb065ad600bc75ca99af0258f675ff2b8f1
genuinetools/img,91d49f914a907dda2f639baf2f182b9e5833143f
cznic/ql,b60735abf8a0c153d60b21634d650fbaa9e9a288
devfeel/dotweb,34470fa621055b3e574124d52149b037a2d12e70
huichen/wukong,d014a1f19dae3664677c11bd25549cfc820cd890
claudiodangelis/qr-filetransfer,218dd17eb8e28cc46c140184b2e166c2e1fe034b
kelseyhightower/kube-cert-manager,13b573fd3d67a91a0c71ab284b17adb1395803a3
nuclio/nuclio,72501aefe67e58c915680d0d457006424076f081
gocircuit/circuit,fd2add79ac1e5c203803f3e845169584c2aafaa5
PuerkitoBio/gocrawl,ce7f6d6bea666608b09f6cba351232ad71afdabf
go-telegram-bot-api/telegram-bot-api,54104a08f947e08c460c45d195076e48e61f0a26
loadimpact/k6,45fff81b0b3af8d174c960450d16f5c4431ef9a4
kubeless/kubeless,579f848592d65eb7b0d069280c489cbfc65d45a3
nsf/termbox-go,d04385b850e8914c792d748d6a6a9eddddc3a2c9
goby-lang/goby,557bbca54d2676aeec65e77d59d7504c4a555a91
googollee/go-socket.io,e8677098f3536c439b8f6897510a31fbd43dda5f
coreos/torus,b53b701fc3af89fdf5f2999ebbc3b778e8c18ccc
upper/db,0f7146ac8538afbe361130f2644c4fccfadcf8de
nwidger/nintengo,f173d610a4acece3bb01a6564fe0f35b1a0ed7ac
facebookgo/grace,75cf19382434e82df4dd84953f566b8ad23d6e9e
hashicorp/consul-template,91c3dd4189ad3d8d21130694f436e9706e3ccf5a
Azure/acs-engine,36d434b2a7102ab8f4219f095787c7ab31b5ddd6
docker/swarm,3cc018dc2cd0af0880330bd75bd351bbf54fde9c
google/go-cloud,6a098d97a8d8c32e34a0058ffccb8e72f15163c9
codegangsta/gin,cafe2ce98974a3dcca6b92ce393a91a0b58b8133
Terry-Mao/gopush-cluster,1c279b4d085fe66fc0cfca66bf2ddfeb0a5d3bc5
pilu/fresh,0fa698148017fa2234856bdc881d9cc62517f62b
GoogleCloudPlatform/agones,93d8c100fd9543fcb559b6e15930771324d317af
gravitational/teleport,7b21cbaa566b561b40f322245b9ef5b931cbedfb
stretchr/testify,6990a05d54c2287be8787a411d77815643347339
ysrc/yulong-hids,173dc4ffbb8ea203b3bf6e7a4b4773665aaaca26
twitchyliquid64/subnet,30bec6e9eb00bcc47cb36a3772adaf73412a0f92
oklog/oklog,ca7cdf51fb41fbc290986e9a24db4fa644ab0714
tobyhede/go-underscore,ea55fc9569918f099b1dfa785088434e5c53544d
hybridgroup/gobot,a8f33b2fc012951104857c485e85b35bf5c4cb9d
micro/go-micro,bf4ab679e18b5fc1e23c6ad466bfe63bdd51112f
lifei6671/mindoc,b7d8de8e931247e1b1ba3fd8379432c4eafd3e45
golang/mock,000792a4af29df956a67246efe814545d50e802d
rakyll/coop,2aef2ad58fb7a7df07bfaebfab68105d77eebed8
rlmcpherson/s3gof3r,864ae0bf7cf2e20c0002b7ea17f4d84fec1abc14
iawia002/annie,abc3c9df18173c91a5ca7a77fecc0665dea01aa1
letsencrypt/boulder,9464d025d1e336ccb5f366e4499ebe9e9596e8d1
fogleman/pt,6fa0015c2178c2ccd524e0b35b16081e5c9d3101
hyperledger-archives/fabric,fd7d34e07fdef96cbc11216337a6aca530dce846
looterz/grimd,7d6c5a33ea79f40fcebc1cf43fa1a2461a403388
zyedidia/micro,cf35b8021c9032b83f8a3158a045ab2429530ce4
aelsabbahy/goss,6e5d3e37bb1facb315fa9f49b523b7e41496dfa8
gitchain/gitchain,2baefefd1795b358c98335f120738b60966fa09d
bcicen/slackcat,111a47c25e0991e10def605af2b8651560a8e99f
vuvuzela/vuvuzela,55ba49f81ad006877ae6b4d76c0958a3ee956441
github/orchestrator,6105fd97bfceb293ac5ca1420e0ee01692ab3577
src-d/go-git,8b0c2116cea2bbcc8d0075e762b887200a1898e1
dominikh/go-tools,c5ce990a4e39053fda5229d7ac0877c5d78dd84d
getqujing/qtunnel,ef8680dfe0ff23ebf44dc78039adf4e4ebf31a26
galeone/tfgo,4089c60ef77a2cbc88a415c2fcd50c22316fba34
keybase/client,cd76ccb97183c2be78b869fab9aed4b6f5b11086
usefathom/fathom,69baac5c4a4d96880a28be1c82a519b43deda3b9
virtual-kubelet/virtual-kubelet,fa139bfe27dd478aaca44cc54252d599bb94ead3
zenazn/goji,a16712d37ba72246f71f9c8012974d46f8e61d16
nlf/dlite,d0ee08c326039e7c8e8586580fd4536e38ec9fdb
influxdata/telegraf,6ed1431348c200760443c2a0422b0d54bea927ec
contribsys/faktory,91313ba1c503a4f5faf4eb4ee830e6ca9fe62509
nanomsg/mangos,233273ca2095032478c1e6c44d120e34e8c8536a
99designs/aws-vault,b599e184bad2fd5d9a3754f9b7a98b15e80b70e6
osrg/gobgp,35e733246e1aff6688f2e4f624c7a80be33fb7b9
uber/cherami-server,da747b7be487feeaba1a5d7cb01e71343e6f8452
prometheus/prometheus,b7fe028740b7b36a31c2deda1e2b74aa566fc0ee
boltdb/bolt,fd01fc79c553a8e99d512a07e8e0c63d4a3ccfc5
ajvb/kala,8878b6c2a237215dc78247fc196b8f585dbf3ca7
Qihoo360/poseidon,9be3a58756c2c604573075b6e7531f13f5ba7c1c
docker/distribution,35f1369d377054088c4c2e9079ddbb6c1375105d
labstack/armor,84043c96381f66a5a6f6f25f17b21934be81df49
casbin/casbin,ad7f1a86287fbc9509c56c3655e8e2e9f602b3ce
murlokswarm/app,8b888d8cb094278ec916cec60bec11997785bae9
esimov/pigo,294912e8d868899c6546c33d8a17b349ca542ec1
hashicorp/serf,7faa1b06262f70780c3c35ac25a4c96d754f06f3
smartystreets/goconvey,7827743f8d22163fcdccb373dfb65526419cea56
moul/advanced-ssh-config,3b5e2fe2648530522b80c1374ade466f1a0e91b6
onsi/ginkgo,06744e8d2c96b754fd5dfc476ddabeb8926131e6
ReactiveX/RxGo,a5530d2b0d75b92b95f49f0e29d83f3460701498
gliderlabs/logspout,99f410a90c92b014a3d1a19c49811951b28d6836
snail007/goproxy,83cd1d9ff169914e498439c223d1233eb9d81b46
elazarl/goproxy,a92cc753f88eb1d5f3ca49bd91da71fe815537ca
pressly/sup,be6dff41589b713547415b72660885dd7a045f8f
jetstack/cert-manager,89cff72df22478b8a8ceb29d3a6cf35ea99e1efa
go-ego/riot,f4c30acb3704545c3c28f957fc03cf7bf35598a7
tj/node-prune,1159d4cac8090ca0b4a3d900ae81efb72558ea8a
FiloSottile/Heartbleed,4a3332ca1dc07aedf24b8540857792f72624cdf7
42wim/matterbridge,adc0912efac715528e2a5f01c8885e007117b8ab
matryer/vice,660007f4486b289078664b182d1ecd2a22b29b02
rancher/convoy,23ae8d0da8fde882c9caa228efc39a38bc99f910
fnproject/fn,d55e01ab7d565e9796748f2f40662e94394aff07
elves/elvish,87519a9d9cdfba7037b1b139b255a09ae3f5c290
tendermint/tendermint,62d7a5d0282f70b035b5b6ff925f4015d81216e5
benmanns/goworker,d28a4f34a4d183f3ea2e51b4b8268807e0984942
improbable-eng/thanos,d587ac90f67da1894af8ef62547d8e0dfb3cc5f6
kubernetes/client-go,fc034b4b7616a76e021660b265df0211e060f6b6
kryptco/kr,1937e31606e4dc0f7263133334d429f956502276
txthinking/brook,355d898010e74245da46cf945535cac54e87279e
AsynkronIT/protoactor-go,90c8f2d201d86d5215e1d6f39fd36f88ccf9fdf1
GoRethink/gorethink,3d6444f3539da72ec8e06fb5c30755515a17e43a
minio/minio,3163a660aa79b75b725a0c6f152557e6253b900f
upspin/upspin,5ddde7b8e6fff64b46165b1db0231a67a545aac4
aptly-dev/aptly,24a027194ea8818307083396edb76565f41acc92
sourcegraph/webloop,b349a792d12282177c53eebe9c9627555305705e
Terry-Mao/goim,a659457af68a7660b2869b16ef8345a36b5837bb
solo-io/unik,a58d3e8e33b72a56976ad41f74ce16a9099cc234
nats-io/nats-streaming-server,ca5a8b2a39248819b179386cdad931f824d60956
flike/kingshard,f17b3939474659568b3aa14aa89beeef8da4f24b
theupdateframework/notary,b0b6bfdd4933081e8d5ae026b24e8337311dd598
nats-io/gnatsd,51a321e7393262768b757d5dbcedb735c0236307
elastic/logstash-forwarder,553e6efec0528a27a8e7cda37c545c19c2cea7eb
linkedin/Burrow,89743bff171eaa512bcedc0dca41c37957728c64
mattermost/mattermost-server,caeda90b246b2830ffc29901efce685a08d638fa
dgraph-io/dgraph,ee0b99586ab740fbdec6da78605624c7feba2e5d
allegro/bigcache,92a824fbb3f6faa47bbb418441c9e43cfb62d294
henrylee2cn/faygo,45476659df1bd713779a06e9b576742ebce29cfe
hashicorp/envconsul,9a7a472cbd78f85f6effbc59f8aebd3870ea113c
Jguer/yay,24edabe5df3628b31ef20e7852c10c1a22dbda36
alexei-led/pumba,76435f32f1b942b19e45084a7c7c351efd3efb6f
lovoo/goka,f8cff2d6658e8e08a4fdb08de10a548c8480950a
buger/goreplay,dfbaf2c8081bd97c6db22fa9dd6f2ddd4e057682
btcsuite/btcd,c3ece697dab966a9b8854facead71755d226eead
go-sql-driver/mysql,a341cd15c45e4cdae93421b02834fdadf61e5e18
jwilder/dockerize,9ce2e80619962abe9ba90619e009d29943446ab3
google/mtail,465f0c9c3ef4bc65517a1d36f61e5da8e76e63c0
kidoman/embd,d3d8c0c5c68dc6caccebb7d720f36e64bafd0a62
google/periph,688e66ebfa5a498d3cf9b55f2233db0edd90754d
rcrowley/go-metrics,cf1acfcdf4751e0554ffa765d03e479ec491cad6
v2ray/v2ray-core,5dffca84234a74da9e8174f1e0b0af3dfb2a58ce
muesli/beehive,7e793ceb47f0541f5619f71ceb01fd1e8b81d6a5
siddontang/go-mysql-elasticsearch,fe261969558bf79dffa46d37d2b95f62d65502a1
alecthomas/chroma,898761d8ab900b38b7b484dee1a39294edaeae6c
git-lfs/git-lfs,731bcc598b2edd1b400a8908a803fd6afdc255ff
TykTechnologies/tyk,2e6c81212eff46b2b1d30dcc237542659883c017
centrifugal/centrifugo,5b2949d1431f468d0439f1c484d15819ade98b0a
coredns/coredns,34dbf1e861b895d5c25f1833a96a26587e141ef0
ravenac95/sudolikeaboss,e626bf03063723442da669048df5537e4c6fbe07
kubernetes-incubator/external-dns,630893d787caceef8d7b6fd525528e5228ce94a1
heptio/contour,3d41d1d3e1bd7efc6fa12bcccf52d9a7032220f8
go-redis/redis,aa456e55a7213876dfa5e856fb8467237d822771
alibaba/pouch,bc5839e3c493f3bcc56d16a65fa9d2bd0e7866a5
gliderlabs/registrator,4322fe00304d6de661865721b073dc5c7e750bd2
iron-io/functions,d59d7d1c40b2ff26b1afee31bde64df444e96525
rivo/tview,745e4ceeb711f2db613627be9570d4c61ee2c191
astaxie/bat,17d108071a533d01ce6a8450c0e5b41a2f8405bb
go-pg/pg,710deb4abf345e90e0fb61ead5ed58c9d10a0b96
digitalocean/doctl,67904a7b84498c0e34bbe5b24ef0340155c9cadf
chzyer/readline,2972be24d48e78746da79ba8e24e8b488c9880de
hyperledger/fabric,8555262cca0e3b0c89e077a71c9c5312920b87b0
zxh0/jvm.go,129b147ebcc820279748f6095c916da1986ebef1
graphql-go/graphql,62a7bb0a9839309631e20fc4ed032cbf00f88544
aktau/github-release,100e85543f51525ecafcfb5c9e96119b6dea0aa2
convox/rack,ee5e31801fa5f2e69aa3bd41339db0b4f64c82fe
afex/hystrix-go,fa1af6a1f4f56e0e50d427fe901cd604d8c6fb8a
bradfitz/gomemcache,a41fca850d0b6f392931a78cbae438803ea0b886
xtaci/kcptun,07ad03fecf37885282038e27360d2eff86007553
jpillora/chisel,f3229993c107baca9da696ffb634ef435663351d
cenkalti/backoff,c2975ffa541a1caeca5f76c396cb8c3e7b3bb5f8
openshift/origin,56333ce08d76ca93e3930a2eeb1445fdd337de39
hlandau/acme,13ec97e4f1cd8bc1b17a70443c46f6075c9e9fac
go-swagger/go-swagger,7b6632b4cea8a4831b38c8cf2f2f3fafd47ed3f1
valyala/fasthttp,70e00dc4f3b8c1ac01a2e82410c9f4d59248c099
coreos/clair,9254ab66ea7f1b9711242026045da35b7ffa2782
nanopack/yoke,7d81075e517825b1e065f592dcbe58ec0b69e52f
rapidloop/rtop,c49441bc1faed5bf8946a037ec974695c0e79020
zquestz/s,bce10d1ad106925741a011fcfe311b9ba62b3d81
henrylee2cn/pholcus,bf4a87b9aa74fefaec49f991d3ac213a43a313d1
wercker/stern,4fa46dd6987fca563d3ab42e61099658f4cade93
liangdas/mqant,aeb47786fea21d9e7da292fc36547f9b1348758a
go-kit/kit,0ca22796c7622119f521a79bfd73a8b4d33a9ca4
iamduo/workq,fc15ddb2896728be7fbe5c0ac286bdf22d5603cf
appleboy/gorush,36bc4f0f4b09113de93b212b9c35c0da165f088f
glycerine/zygomys,19c0bdf4c230eb298cfbeda7289c222783400e4b
ansible-semaphore/semaphore,c472dc66dd3e03d1c104b7e58d58b0ce68912fe1
istio/istio,9edccdbf287c54952088c88a53254954a0cede32
fsouza/go-dockerclient,9a6b070659fabc4dea676aa8a3078b091b55367e
serverless/event-gateway,089673d5822bdd533b44f81caf45663671de200d
leveros/leveros,ba032c212896a455baee282babb4c99699918b31
ardanlabs/gotraining,2a8609213c14c6f4a048c95daad0bc31ba5f4db1
fvbock/endless,447134032cb6a86814f570257390a379982dfc61
prometheus/alertmanager,3f46b62d75da4d68d2098388797e6a61fcc5e043
clipperhouse/gen,b49aa15984e8594cf517252d23a30811f084eda4
dutchcoders/transfer.sh,7cf688e86e55ec341c91d417c8e1627284b73dc0
goinaction/code,49fc99e6affb9aa48cab1889505aa6631ee31ace
hu17889/go_spider,85ede20bf88b6861235d89765dacbc732695ab59
metrue/fx,a861685d192a53cf279e346f483fb879380829c1
openshift/source-to-image,30d81a9440f30b472bb32e592b12c1a83a396edd
hashicorp/nomad,bcd4752fc902a785aad603b2819b9630a83ba913
ChrisRx/dungeonfs,1c33fcaff7278f18b9ddc4d14c90024b75856256
abh/geodns,ffaf15cb5940a7d767dbeade250255fddc52cb54
vitessio/vitess,d09dffef0c60d5d4841cac86bdf4ed777098b60a
GoogleContainerTools/container-diff,2db69958428be9e21daf3bce6a1c83404e7b161e
tidwall/evio,5e8d3032b8ffca287f10168cf5d66a8f5574ea9e
visualfc/goqt,8c774d7992330d283ceaa8477c82c5dd072b3db9
s-rah/onionscan,da42865bb5b1a77df6d7a6fa212a86eeff814b61
GoogleContainerTools/skaffold,11613898940ce017a02da73462a7a44580ce3d6e
travisjeffery/jocko,9613083803fc7d0fefd10d6d0cf00223d13ba301
coocood/freecache,a308261a76e95807650fbad95accc7374ba793fb
icexin/gocraft,ac6afbcc707b891f421b6061d520263a74fa5025
google/gxui,f85e0a97b3a4aafc65be1b86d962a8734cd27bf9
patrickmn/go-cache,46f407853014144407b6c2ec7ccc76bf67958d93
grammarly/rocker,da7d6d0a293bce7b22bcb3afee1d677c144dab8a
kubernetes/minikube,caf59caaea357eef1ac1811ec514d883297523b6
mailgun/godebug,bfb01ae9c26601793d8cf00f074489f7ad52288a
michaelmacinnis/oh,c62fc497ab704dd99109eebc1508e41e06efcc86
fsnotify/fsnotify,7f4cf4dd2b522a984eaca51d1ccee54101d3414a
ssllabs/ssllabs-scan,a7f3d492cc1d025fcb268763ed8909cace1e7d14
go-xorm/xorm,f39e5d9bfdb70c435f8649555f224c0fa4f51e54
rtr7/router7,3834acfa2b05d2651e4df55da5f7e243ff592ffc
gchaincl/httplab,ddfb5124d4e82a6934644d8616a336dbf3e5735b
bosun-monitor/bosun,4ea808ab2ddfcd7dcc135372ea217aa17ef764cc
coreos/dex,3650fe228753de9605e5427769d76bcc1efb88c1
docker/libnetwork,954d1ddc998d8b6eb93afb628ae8ca122e53bca8
olahol/melody,7bd65910e5abdd2e7396c23acb13475bff79d1af
uniqush/uniqush-push,0805cb3332828dd3781735bc5bde1f6553f79f2a
apex/up,ffd660e6b7e3e6dfabbdb0fd256d3c466468f2ce
future-architect/vuls,d6435d2885b5c0da1bc0f4eecc8f2f601e817b66
pilosa/pilosa,d960d2fda97521711a6b7d2542a8bd1a41112378
go-chi/chi,681ea79f56a292fa2abab261f05c217da61e74da
coreos/fleet,4522498327e92ffe6fa24eaa087c73e5af4adb53
zricethezav/gitleaks,8be91eea5d8ce3fa586da720e25dd321f1482db6
mvdan/sh,b8bd8e57547725220dbf237072b80e40c09a0502
mholt/archiver,074da64920d3c1188f608a92eceb61e83b31317b
kubernetes/kubernetes,d70ee902fddc682863a3cc4f0d8eac0223ebf70b
rancher/rancher,d2fc2ed3105b0335b93a0fc10b745839ff6e2b0e
chrislusf/seaweedfs,e439b65e387609b2a761d9a976c0efc44060dff5
NYTimes/gizmo,ae2334717d7b31dae1294749e1c2be4c85107efe
koding/kite,baa1a54919e3035417f7571dd46005e91afe8abe
hasura/gitkube,ec3d06703fdb37c7a37a903fd2588ababa7c3f6d
rcrowley/go-tigertonic,fe6b9f080eb79c071836be5c3e2e534dbdbcddd6
fogleman/primitive,0373c216458be1c4b40655b796a3aefedf8b7d23
RichardKnop/machinery,47893a0e7aa31dcc73974647c0fac6d9889643a6
hyperhq/hyperd,8a7e67dc33bbccdfc92b5e2a908bbdb1c5d9b956
mperham/inspeqtor,ea4f56394811af5171c0746ab805a97946d82a38
kelseyhightower/confd,cccd334562329858feac719ad94b75aa87968a99
mehrdadrad/mylg,faba8672ef9f2693ca9093d2a3a671114401e55a
grpc/grpc-go,504caa93c53934ac0367ba2636aa1c8147372a43
peco/peco,4045ebad413f23caca839a94d58dca4fd12c93b2
gaia-pipeline/gaia,8a9f66742fbb4c5120e52fcfeef94ff4fcfd63a0
h2non/imaginary,98b41abfb0c7ab0abcf90f82a78e2003e2097646
jackc/pgx,210a217818576dcd21659594d289917b05ee7654
lastbackend/lastbackend,356704814b6ef841b48fa550cd91e344be78303f
joewalnes/websocketd,2190c8ab4c6c615180183b3abc59c995e333fb66
ipfs/go-ipfs,7588a6a52a789fa951e1c4916cee5c7a304912c2
hpcloud/tail,a1dbeea552b7c8df4b542c66073e393de198a800
slackhq/go-audit,6d44a76821e57968c1938217ed6cf4b2af9c8c10
containous/traefik,bbee63fcf37c84940c248e5978f79e886698e4b1
jedisct1/dnscrypt-proxy,fcd9225121ac450400850dd566edeed98535070f
celrenheit/sandglass,72fe0f8e27497109f065c2ec9106b3cb4a77fe0b
360EntSecGroup-Skylar/goreporter,df1b20f7c5d0f3538a3dc2cc04f68c59ba177fc5
gravitational/teleconsole,6484ca2d56b9807ccec1df7a1ea0c2a43e2cd9f9
tealeg/xlsx,852cd74f511de9ad9f322c83ac487ed0d54f09ff
motemen/ghq,42beb11a7d88071a407d8f3388aeadee6ebec602
pingcap/tidb,8ddd41c960caaebbdeb28da33c781fca1464f05f
golang/dep,f13583b555deaa6742f141a9c1185af947720d60
skynetservices/skynet-archive,c1e213743e42720a89c53bfc641cc03d9c172b78
hashicorp/go-memdb,e86e9bbea334c6811f3b015d4b9a880ee3a9792b
mop-tracker/mop,570a5d67aef955d817ffc06437ac40b57b554e71
blevesearch/bleve,2522dc2ba12135da30c368a302df339c68cbe361
goadesign/goa,d4b064a7a0de8f8052f5064951a5e0d6e425f8eb
docker/swarmkit,d6592ddefd8a5319aadff74c558b816b1a0b2590
golang/net,6772e930b67bb09bf22262c7378e7d2f67cf59d1
barnybug/cli53,4c07f89c5109bdf19e701220d3ae94549a092dda
aws/aws-sdk-go,be10aadefc0a3b97e8cdbc09d9693f633cfed290
nfnt/resize,83c6a9932646f83e3267f353373d47347b6036b2
anacrolix/torrent,b6ad979670b7de1883ee0fa0f813517edf8ab96e
tylerb/graceful,d72b0151351a13d0421b763b88f791469c4f5dc7
cloudflare/cfssl,3cc617f27de99f13068b41960b52a62015616e97
containerd/containerd,66fec3bbbf91520a1433faa16e99e5a314a61902
BurntSushi/toml,ea60c4def909bde529d41a7e0674e31eba751da3
coreos/prometheus-operator,1d2b581cb0bc5fa595a9e3c58ab05c04a90ff997
arnauddri/algorithms,736f5ebe59cfd72b778704fe9ba5e0ba25c775fe
google/trillian,c92fa63aaa6c133eb8383f2727524421bea420c4
src-d/gitbase,c9a16f3b6d8171b595570787fbc2170325c08b48
senorprogrammer/wtf,7c3d476def7002c59040fc1821d2286285b8842a
wallix/awless,44e892b4961fc09abf82f61de2ffeb66a20c82b7
emitter-io/emitter,ad96b72dfb9cb247fda5acea112c6714871e34de
yhat/scrape,24b7890b0945459dbf91743e4d2ac5d75a51fee2
matthewmueller/joy,e60ec6cf98bbbf7935742e6882fa3d33cadc6a78
getgauge/gauge,13a89591f46d174180de79a2fe3d16030bc9ec10
elastic/beats,1327562b17cf06c430a2ad668ba22a3f836606a4
ory/hydra,3027833e8088baeb033a41056c3558c4f8d7235c
asticode/go-astilectron,6aa7218e3824c7f63e15995e628c95a8b05afcd2
esimov/triangle,25690f00583db78cddccb6e036945aa8937362bf
coyove/goflyway,dfffaed0d1031c343ce6827ee1efbeefac1311ec
asaskevich/govalidator,7a23bdc65eef5f3783e782b436f3065eae3fc72d
olivere/elastic,21064b90616b5e9a45df8c406b222d46cad5b14b
sourcegraph/checkup,77e7567835d43fc7358b88e8e984f2dd85dacf4f
linkerd/linkerd2,c416e7826125b94a4c047bf21a63b49130a7b14e
marcusolsson/tui-go,ca6477dc872b0a65edfe382fe2113032aefe9355
GoogleCloudPlatform/google-cloud-go,56e18a64836ab9482528b212eb139f649f7a35c3
github/hub,b0c1cb60f78dcf7405bb018d6c8aeca9c2e03e5e
miekg/dns,731b191cabd155bcbc9a61b7ff4c758088bc104d
samuel/go-zookeeper,7117e9ea24146db92d453f4dbf1fd9ba1e262989
kubernetes/autoscaler,a9cf777cfb591b1244eb94633bfa248d77c41557
dropbox/godropbox,52ad444d35023d078d496d305d75511e772f0295
xtaci/kcp-go,bd9c72d5d7b91ec4a7bb15987bd2e3b09da09e6c
GoogleContainerTools/kaniko,ece215c18113020f9151fb25e69fc4ecc157c395
google/syzkaller,63631df1539816bc62c7be40779c5f3e23b23b2f
vzex/dog-tunnel,8af0b91669d111d3057fb1c875756c803e866286
google/keytransparency,c1d8b03b87f098b18637b89ab17ff4c1c49fd1e2
zalando/skipper,f5afb6574981d554d60b25ae3d3354dccf2a361b
sanathp/statusok,da193355eece3c8f87b8d055cb223dae197bd594
rook/rook,62ac1cd0017576c78598044d42d046e8a4a4c482
go-mgo/mgo,7446a0344b7872c067b3d6e1b7642571eafbae17
jpmorganchase/quorum,7b726385216c44e55fc6b6191a022fe598c102d4
mmatczuk/go-http-tunnel,10e3e0d19ab0acb9817506531130b349dbefb492
crosbymichael/skydock,2f70f3c9c3ff9eb550b634a1222db9499ec3781b
sjwhitworth/golearn,cde96fa8267f26f540084e12ae6f082fcf776f6e
xenolf/lego,79be5072c711dce02741dd7fc26946599753db1b
albrow/fo,772d67f7090e5303d9290ee1efb3f098dd115b61
360EntSecGroup-Skylar/ElasticHD,b8f476ac9514b91b12768bee8a63c4deaecab237
zachlatta/sshtron,72c411f5d3de16f0c574ff6045114455142f7964
Azure/brigade,e04485bbbad931b0a7489ee5ee63371b16133fbf
Ullaakut/cameradar,8c8ea1209b352671ca99e07eb4de0b96b833506f
mozilla/mig,9e7e4f5258051e9edc94e407821f693e9d8c85ea
v2tec/watchtower,9cee66c93ddc2747dad5789403c4243720891017
goadapp/goad,612187f4fd0d04b18f7181e8434717a175341ada
shazow/ssh-chat,1a00bd81f26e3ffc4ca1108185d39f9087756a44
smallnest/rpcx,478e4d5146dbfdf8b71ad0ace17ab155f92b91ec
purpleidea/mgmt,01c2131436dc77bb9ad922c62440efab2ff7ec60
kubicorn/kubicorn,a2c64ce430b93e76c2a7a13b0a3dd2c3bcae748d
kubernetes/heapster,e1e83412787b60d8a70088f09a2cb12339b305c3
gopherdata/gophernotes,bd7cb5cf70552db50f2a1a7ed71e427024cc9d1e
docker/machine,b170508bf44c3405e079e26d5fdffe35a64c6972
emicklei/go-restful,8dd9eb88e2526fab4b4768e46d6b75e72d471fb9
adtac/commento,5390c6f81c671dec64854c11b8f8a835b5dc4711
mozilla/sops,38b25bd449619e1d6da20e637702f7c73203aa44
minishift/minishift,0381375335880a9f825a7a30266b03d493cd221c
hashicorp/go-plugin,0c19a1387af146eaa3335dad0a021741344ac3e9
kataras/iris,6d10b014859c6ab20c0a3b35dbc6609e88df3107
flynn/flynn,eecb13ba8d5f4228c24dce308293f9c65075c949
restic/restic,aa0faa8c7d7800b6ba7b11164fa2d3683f7f78aa
Netflix/chaosmonkey,c16d769a82bb765f6544627ef6f08305791e8895
mattn/gom,0ebf2b5d812db32ce94aa1b045817c77ca2929d3
drone/drone,2255d63532dc75cd7242f3248c66e2b9ba851f2a
spf13/viper,d10c856f6c7be1fcdfc692b912e1d047c3ac0036
jwilder/docker-gen,4edc190faa34342313589a80e3a736cafb45919b
siddontang/ledisdb,d35789ec47e667726160e227e7c05e09627a6d6c
chromedp/chromedp,e48032b472523668e0ef4084410f013c726aab6d
c-bata/go-prompt,8e6eb48b4aa09bfc6701ad171e6c855d873724a3
derekparker/delve,237c5026f40e38d2dd6f62a7362de7b25b00c1c7
tidwall/tile38,6736aef801e7dc950bf9a3f2d57b2ea19b3803b5
nsqio/go-nsq,63a3a23dab3c2acf918f11f01ebc3ad67dad8b9b
stripe/veneur,590f2c060515bd818c0e566047256590cf41b838
Tencent/bk-cmdb,4347923164dc5bdd2ecd166e58d00c5a394b5c10
fabiolb/fabio,b8d800f880bd4109ad899fb49cf7398f1f90fe33
vmware/harbor,42559479e629a4f9c7b4f9cb1da152919aba444f
influxdata/kapacitor,873d93b7377bf1c7bfbcd508e4ea6a6213997aff
genuinetools/binctr,66e393036fad10eb6b9252036d3b90d9ccff7660
codetainerapp/codetainer,30b2c5bc1ac527f906d446b7d5b12403b4a13354
jaegertracing/jaeger,1cd272535cc11895bbacf7c3fcb7b095ef0935f3
fiorix/freegeoip,4693d60f740b9e68083dbc7541ec0abe9dabe936
fagongzi/gateway,94a119ca357ac5372e26b55644c30f5bd38aa404
gohugoio/hugo,2c8b5d9165011c4b24b494e661ae60dfc7bb7d1b
chrislusf/glow,4c40a2717eee6512247ce30ab8a8428348d6d9e9
revel/revel,ee237a4ce4b7660dcbafda789dd6f524a4a4b47d
cheggaaa/pb,f53c49a21d379f442c3b8f3f6e6adf7a0a01e438
spolu/warp,728259c20eaa38c58fd2384359e47fa4b0add962
hashicorp/memberlist,822dee6694359954b59cc34da7405e58551446c5
syncthing/syncthing,9c88efd55f8c1821f402b77265a682b92c514607
cayleygraph/cayley,f5fd4c04a4ff6460144d6e14eca43aa20538e4ae
rcrowley/goagain,f2f192b5d1a96e21dd4026ce67cda85e49659a48
github/git-sizer,951a51bd37e5e3454850d471b05d9d51d4851b74
schachmat/wego,994e4f141759a1070d7b0c8fbe5fad2cc7ee7d45
michenriksen/gitrob,7be4c5306a61383a3ba16777b520b3c2a8956a1e
kahing/goofys,45b8d78375af1b24604439d2e60c567654bcdf88
gdamore/tcell,f2adc0cca0705f83371173a28a30cb5c428da755
mattn/goreman,29e405014c0287260257dc7b21298587229f42d2
lightningnetwork/lnd,ff897db293ab0e59abdefcb438d0ef42ebc91ff5
howeyc/fsnotify,f0c08ee9c60704c1879025f2ae0ff3e000082c13
Shopify/sarama,ceadf4f6b74eb2ca0b6108fd96778032b0fa404f
remind101/empire,2ef3b5071f34472a12895a3ac8ee881c7285490d
Yelp/dockersh,75ef5fb36b226b8b37cafc9470a429565a9db12b
malfunkt/hyperfox,1a8c26fb22ba4e6992eb9fb91e7d6a5c025bfe13
yudai/gotty,a080c85cbc59226c94c6941ad8c395232d72d517
sorintlab/stolon,8b42a974f25f3fa8dba16901135dc71f5140e1c6
moby/moby,0456e058d2b60606d4374cd975c635dfe7673f17
gorgonia/gorgonia,d1c6a1952751a9a3b14fd214185489ccdb037d18
joyent/containerpilot,d999b632b0c96d9e27f092dc9f81a9d82dfe0106
disintegration/imaging,d40f48ce0f098c53ab1fcd6e0e402da682262da5
surgemq/surgemq,5bbaa1a27fa3a81192dfe07d7e3dc8bd58826f71
cloudfoundry/cli,daa64ed559dd33833ed41529fe804079041e7802
takama/daemon,496d69192531c6cb1004380a0be0fcf2031b06f4
hashicorp/consul,7b7589eea8b8f40f304d9487a9676af978081602
Azure/draft,3206e97af58cb9bb656f0df5cb5ae0808b87cbe1
grpc-ecosystem/grpc-gateway,a9a27c40fdd61996d21093766b09087c99cf4f5d
hashicorp/raft,d58cb416b729dccd42e573f09aa203d50882861e
gruntwork-io/terragrunt,75846560df6904f004748e62954f02bc6d4f0372
willnorris/imageproxy,2d534353f5d054f34f315d11a03787934cb0da15
siddontang/go-mysql,0c5789dd0bd378b4b84f99b320a2d35a80d8858f
ncw/rclone,80e63af4703730923a97b65fae4d5b712de846c9
coreybutler/nvm-windows,061902359c9e8fa3334c4f4258a43048ae057c57
